organ,drug,dose_mg,duration_h,oxygen,ph,viability,lactate,toxic_metabolites,heartbeat,contractility,filtration,glucose,label
liver,Drug B,51.8,25.41,74.3,7.059,63.51,4.95,18.03,96.81,65.29,71.71,71.35,Mild Toxicity
lungs,Drug C,53.8,28.24,38.35,6.643,9.5,12.0,48.09,40.31,12.07,8.0,29.84,Severe Toxicity
heart,Drug B,18.72,24.89,89.12,7.342,84.69,2.56,7.89,74.23,81.01,93.28,86.17,Normal
lungs,Drug A,3.79,16.29,98.25,7.415,96.11,0.82,1.19,72.9,91.66,107.36,94.32,Normal
kidney,Drug B,10.83,25.37,91.95,7.318,93.3,1.8,4.42,68.76,81.51,89.82,91.4,Normal
liver,Drug B,13.74,11.71,93.17,7.353,92.97,1.67,3.39,77.13,91.42,107.94,89.2,Normal
heart,Drug B,22.12,21.68,85.76,7.259,83.37,2.5,7.69,88.89,92.22,96.46,81.58,Mild Toxicity
lungs,Drug B,8.3,24.53,92.39,7.41,91.24,1.86,3.75,70.75,84.5,94.81,103.59,Normal
kidney,Drug B,59.56,32.21,69.07,6.929,47.48,7.08,26.23,115.35,47.78,54.49,69.56,Severe Toxicity
liver,Drug C,13.39,11.86,91.53,7.283,86.29,2.24,6.29,86.56,81.23,101.4,77.12,Normal
lungs,Drug B,40.45,34.45,76.22,7.012,62.37,5.49,18.9,95.7,63.72,63.88,82.4,Severe Toxicity
heart,Drug A,32.78,22.21,100.0,7.347,97.17,0.7,1.45,77.56,87.65,104.53,105.49,Normal
liver,Drug A,8.7,1.74,95.67,7.414,97.25,1.39,2.13,73.78,91.53,103.87,98.57,Normal
heart,Drug A,55.64,4.47,98.33,7.453,91.76,0.88,1.35,73.1,90.38,100.35,94.72,Normal
kidney,Drug A,23.25,12.46,97.54,7.404,97.07,1.11,1.65,81.9,93.18,113.76,103.15,Normal
liver,Drug B,7.52,26.4,94.62,7.282,91.63,1.39,3.99,83.73,84.92,98.96,86.84,Normal
lungs,Drug B,36.78,33.59,77.45,7.068,66.86,4.76,16.96,94.89,68.99,72.43,75.2,Mild Toxicity
lungs,Drug C,34.07,33.76,49.7,6.858,29.98,9.75,37.13,38.6,30.44,38.86,46.85,Severe Toxicity
liver,Drug C,47.32,4.87,84.28,7.274,84.48,2.86,8.61,83.08,81.59,93.54,91.18,Mild Toxicity
heart,Drug B,48.49,9.35,86.77,7.248,86.23,2.54,7.28,84.1,87.52,100.62,90.07,Mild Toxicity
kidney,Drug B,4.46,31.95,92.94,7.423,93.15,1.55,3.09,71.16,92.35,104.05,93.88,Normal
liver,Drug B,29.5,5.17,91.64,7.332,94.34,1.3,3.98,78.18,87.63,99.73,83.29,Normal
kidney,Drug B,20.34,28.56,88.36,7.209,84.34,3.24,8.79,92.28,80.1,92.59,86.4,Mild Toxicity
kidney,Drug A,20.21,26.99,99.99,7.373,95.39,1.2,2.09,68.23,87.69,89.87,94.65,Normal
lungs,Drug A,11.62,30.27,99.32,7.428,96.39,1.29,1.32,78.97,87.54,119.28,94.04,Normal
kidney,Drug B,30.61,3.94,93.89,7.365,96.34,1.3,3.45,73.45,89.31,95.25,93.43,Normal
heart,Drug B,32.82,4.67,94.62,7.325,94.08,1.31,3.75,78.51,85.2,104.74,98.93,Normal
heart,Drug C,54.39,26.22,38.43,6.649,17.36,12.0,45.9,26.4,13.16,17.57,48.31,Severe Toxicity
heart,Drug B,48.03,3.97,91.08,7.353,92.16,1.85,4.0,69.69,88.15,101.77,91.68,Normal
lungs,Drug A,31.85,24.71,94.85,7.38,97.02,1.14,1.33,64.09,97.88,117.32,95.07,Normal
kidney,Drug A,25.66,5.79,98.19,7.339,98.52,1.08,1.88,66.23,96.97,97.77,96.91,Normal
lungs,Drug C,15.64,12.39,93.38,7.3,84.91,2.5,7.53,78.55,80.33,98.02,87.91,Normal
heart,Drug B,7.91,23.85,92.06,7.353,95.26,1.67,3.3,72.19,87.56,84.41,84.31,Normal
liver,Drug A,24.86,15.58,95.55,7.411,99.22,1.35,1.74,64.37,90.23,113.24,95.55,Normal
heart,Drug B,43.27,6.27,94.8,7.298,87.78,1.77,5.19,85.89,82.15,84.75,92.81,Normal
liver,Drug A,55.29,16.91,100.0,7.455,99.82,1.12,1.49,72.89,90.77,122.23,103.36,Normal
lungs,Drug C,36.44,5.41,89.59,7.282,86.98,2.43,7.27,79.01,79.86,100.64,93.34,Normal
heart,Drug B,50.5,1.64,98.36,7.397,94.47,1.22,2.07,68.67,90.04,108.76,98.55,Normal
lungs,Drug C,24.91,24.89,73.05,7.086,56.0,5.85,20.42,84.26,52.93,63.83,68.36,Mild Toxicity
liver,Drug A,13.86,27.03,95.61,7.467,97.31,1.26,1.54,72.62,93.65,127.13,100.27,Normal
heart,Drug A,57.38,9.53,95.66,7.369,99.53,0.81,2.21,60.76,90.75,103.61,94.46,Normal
kidney,Drug C,54.3,35.46,20.01,6.6,5.0,12.0,60.0,20.0,8.0,8.0,20.0,Severe Toxicity
lungs,Drug C,46.8,8.24,80.39,7.267,77.6,3.89,13.21,86.78,65.64,83.41,80.18,Mild Toxicity
heart,Drug C,47.09,19.12,64.68,6.939,43.6,7.63,29.11,49.62,46.26,58.52,69.7,Severe Toxicity
liver,Drug B,32.85,7.55,88.67,7.413,88.14,1.48,5.08,79.13,80.99,95.71,97.61,Normal
heart,Drug C,18.29,3.17,95.28,7.328,95.22,1.41,3.65,77.41,87.41,99.38,100.16,Normal
lungs,Drug C,45.48,35.71,33.64,6.6,5.78,12.0,51.66,30.9,8.0,8.0,36.69,Severe Toxicity
heart,Drug B,40.02,24.2,80.84,7.152,75.91,3.85,12.97,88.5,63.2,77.26,70.95,Mild Toxicity
kidney,Drug B,20.59,35.16,83.84,7.238,81.78,3.05,10.55,87.44,73.16,92.88,83.45,Mild Toxicity
heart,Drug C,45.21,27.76,50.36,6.773,25.67,10.66,39.62,35.56,27.02,32.77,45.19,Severe Toxicity
kidney,Drug A,24.62,35.95,95.99,7.408,98.5,1.6,1.64,79.7,92.18,104.71,97.19,Normal
lungs,Drug B,39.86,35.72,73.21,7.097,60.19,5.56,19.89,106.72,65.18,67.0,70.41,Mild Toxicity
liver,Drug A,52.99,4.36,99.05,7.404,96.52,1.39,1.56,68.21,89.92,112.42,93.15,Normal
lungs,Drug C,16.93,27.33,78.36,7.186,74.78,4.06,15.13,88.64,66.5,84.08,79.7,Mild Toxicity
liver,Drug C,52.63,7.73,79.25,7.144,70.2,3.75,13.73,84.12,74.7,88.64,77.57,Mild Toxicity
lungs,Drug A,32.27,12.02,100.0,7.414,98.12,1.05,1.56,76.62,90.64,107.97,98.75,Normal
lungs,Drug A,26.52,7.16,96.62,7.366,92.02,1.07,1.66,74.38,90.5,118.62,92.42,Normal
liver,Drug C,32.51,35.88,50.67,6.805,29.09,9.57,37.24,43.71,31.88,28.6,40.71,Severe Toxicity
kidney,Drug B,27.03,23.16,85.19,7.231,82.1,2.93,9.51,93.24,75.89,93.87,79.6,Mild Toxicity
heart,Drug C,16.93,29.94,77.24,7.194,69.75,4.98,17.6,83.7,62.34,73.65,75.59,Mild Toxicity
kidney,Drug A,52.97,14.06,96.37,7.374,97.67,1.26,0.81,75.29,94.03,88.62,88.7,Normal
lungs,Drug B,23.46,15.62,91.14,7.302,87.04,2.08,6.57,87.15,85.18,100.23,76.7,Normal
heart,Drug A,21.96,4.39,98.65,7.419,97.36,1.39,2.26,75.61,98.67,110.38,90.68,Normal
liver,Drug A,56.28,30.31,95.0,7.464,97.71,0.92,1.5,74.34,93.73,109.57,95.04,Normal
liver,Drug C,56.72,5.44,82.98,7.251,82.67,3.48,11.21,86.16,65.76,91.43,80.54,Mild Toxicity
lungs,Drug A,13.94,35.15,98.7,7.404,99.88,0.69,1.76,69.45,95.85,98.78,95.88,Normal
liver,Drug A,15.1,16.32,99.45,7.42,99.27,0.92,1.69,75.0,89.27,103.48,98.87,Normal
heart,Drug B,59.7,18.02,79.99,7.1,70.82,4.08,15.12,91.16,71.9,88.63,91.55,Mild Toxicity
lungs,Drug A,40.43,24.51,96.28,7.417,98.43,1.5,1.29,66.37,92.11,93.61,84.99,Normal
kidney,Drug A,18.9,19.53,97.11,7.388,96.63,0.85,1.91,67.48,90.68,111.92,88.37,Normal
heart,Drug A,22.93,7.17,93.95,7.36,96.31,1.04,2.32,71.58,88.33,106.22,91.23,Normal
lungs,Drug C,54.7,28.7,40.05,6.6,7.75,12.0,49.73,35.16,9.55,12.59,28.83,Severe Toxicity
kidney,Drug B,56.45,13.06,82.73,7.25,81.58,2.95,10.36,84.43,72.88,72.63,76.75,Mild Toxicity
heart,Drug A,57.94,10.26,99.32,7.302,98.72,1.1,1.36,73.6,86.23,99.95,90.28,Normal
liver,Drug A,13.34,15.35,93.84,7.37,100.0,1.04,1.88,72.87,95.68,111.46,103.47,Normal
heart,Drug C,48.56,10.31,78.03,7.136,70.4,4.79,16.74,106.52,55.56,82.93,72.85,Mild Toxicity
lungs,Drug A,37.9,27.6,93.6,7.425,96.1,0.65,1.54,75.54,91.03,96.4,96.0,Normal
lungs,Drug A,44.72,24.73,99.23,7.404,97.0,0.68,1.43,73.36,97.76,101.04,89.69,Normal
heart,Drug A,46.67,12.79,99.08,7.391,97.77,0.89,1.1,66.29,87.24,109.84,90.21,Normal
lungs,Drug A,32.81,28.27,99.21,7.373,100.0,0.76,1.28,65.74,86.31,108.97,101.48,Normal
liver,Drug C,21.27,6.92,89.77,7.344,87.84,1.91,6.36,77.91,83.49,96.21,82.53,Normal
lungs,Drug A,48.2,10.12,97.78,7.406,97.27,0.83,1.63,72.2,91.53,116.72,99.34,Normal
liver,Drug A,42.23,24.62,96.34,7.34,100.0,1.1,0.95,71.33,89.67,120.37,97.13,Normal
kidney,Drug A,31.91,17.86,96.2,7.405,95.51,1.13,0.85,72.76,93.92,96.28,94.84,Normal
liver,Drug B,25.91,27.59,83.02,7.217,81.46,3.28,10.62,77.31,65.98,90.88,86.72,Mild Toxicity
heart,Drug B,50.3,11.61,88.42,7.292,82.0,2.95,9.09,81.83,75.69,96.15,83.67,Mild Toxicity
lungs,Drug A,46.04,20.39,98.0,7.425,94.56,1.07,1.54,78.93,95.47,105.01,94.63,Normal
heart,Drug A,54.43,20.23,99.28,7.369,98.89,1.09,1.02,68.05,82.5,113.45,100.85,Normal
kidney,Drug C,43.28,4.6,87.55,7.304,85.44,2.38,7.35,70.05,82.92,92.62,80.47,Normal
lungs,Drug C,58.3,20.26,53.16,6.661,32.54,9.31,37.59,41.54,26.67,23.92,45.79,Severe Toxicity
heart,Drug B,56.67,26.7,67.11,7.042,56.54,5.5,20.27,95.6,58.56,62.57,64.38,Severe Toxicity
liver,Drug A,51.05,19.2,94.74,7.433,97.27,0.87,1.2,75.05,89.61,105.15,94.13,Normal
kidney,Drug A,39.78,4.8,97.54,7.408,96.88,1.2,1.19,73.76,91.71,107.14,93.81,Normal
kidney,Drug A,47.68,23.13,94.81,7.48,98.8,1.05,2.04,74.98,87.77,121.1,95.01,Normal
lungs,Drug A,26.57,33.55,96.35,7.423,97.14,1.02,0.96,66.45,95.17,90.54,99.02,Normal
kidney,Drug B,17.28,13.43,95.0,7.344,93.75,1.97,3.95,80.9,87.35,94.28,83.71,Normal
heart,Drug C,21.81,6.7,89.0,7.309,89.42,2.4,5.67,79.97,79.39,92.55,83.5,Normal
kidney,Drug A,13.72,27.48,99.37,7.418,99.47,1.0,1.33,68.45,95.67,112.8,90.52,Normal
heart,Drug A,46.67,28.97,98.32,7.381,97.42,0.97,1.63,75.65,94.82,105.95,97.65,Normal
kidney,Drug B,10.8,13.32,94.32,7.398,96.11,1.61,3.74,72.29,95.18,100.39,88.69,Normal
heart,Drug B,49.32,3.36,95.34,7.335,93.54,1.47,3.47,78.02,91.33,109.92,96.63,Normal
liver,Drug C,56.95,12.02,68.84,7.081,58.25,6.22,22.61,93.6,57.36,64.94,70.0,Severe Toxicity
lungs,Drug B,19.22,3.12,94.55,7.388,97.88,1.02,2.01,71.85,90.9,103.73,90.0,Normal
heart,Drug B,59.23,17.04,82.43,7.106,70.58,4.03,13.85,90.77,69.48,78.82,75.79,Mild Toxicity
liver,Drug A,42.82,8.15,96.44,7.381,94.75,0.91,1.13,80.41,87.51,99.3,101.74,Normal
liver,Drug B,27.3,12.36,92.88,7.339,90.22,2.38,4.89,76.67,82.73,99.04,94.49,Normal
heart,Drug C,14.12,7.93,95.18,7.33,89.54,1.83,5.41,81.07,86.61,107.37,96.91,Normal
heart,Drug C,50.46,4.11,90.37,7.289,86.66,2.1,7.96,81.72,80.56,107.24,86.13,Normal
lungs,Drug A,32.24,17.18,97.25,7.376,98.53,0.55,1.55,63.38,100.0,112.35,103.15,Normal
heart,Drug A,36.34,27.46,95.4,7.395,99.21,0.99,2.02,69.68,97.15,117.33,102.97,Normal
kidney,Drug C,26.18,19.81,82.1,7.145,63.99,4.83,17.06,95.45,61.15,70.9,76.63,Mild Toxicity
kidney,Drug B,20.7,25.4,86.25,7.202,84.64,2.71,8.02,76.15,81.54,85.89,88.62,Mild Toxicity
heart,Drug B,33.18,22.22,84.29,7.262,77.73,2.92,10.5,75.75,76.63,74.14,80.16,Mild Toxicity
lungs,Drug A,10.29,7.76,98.19,7.359,98.54,1.37,0.8,76.32,90.09,104.73,96.01,Normal
kidney,Drug B,3.96,24.91,95.43,7.336,91.16,1.39,3.12,70.15,86.2,102.71,96.01,Normal
lungs,Drug A,34.67,13.88,98.09,7.382,100.0,1.13,1.46,68.26,91.91,95.35,96.38,Normal
liver,Drug A,16.49,19.46,96.23,7.453,98.4,1.06,1.37,77.82,100.0,110.95,88.6,Normal
heart,Drug B,37.03,14.86,84.71,7.29,88.02,2.75,8.84,86.03,81.17,99.52,87.49,Mild Toxicity
lungs,Drug A,28.16,15.08,97.86,7.393,99.4,1.07,1.14,64.58,97.88,104.85,98.9,Normal
heart,Drug A,53.43,29.67,96.36,7.458,99.89,0.77,1.53,79.06,92.85,112.03,102.05,Normal
lungs,Drug B,53.49,23.06,77.55,7.105,66.37,5.14,17.15,93.89,65.83,78.43,77.55,Mild Toxicity
liver,Drug C,45.19,16.85,67.62,6.974,51.28,6.93,24.83,102.25,53.2,56.06,70.11,Severe Toxicity
heart,Drug B,31.06,17.53,89.06,7.273,83.62,2.48,8.86,83.26,78.26,95.0,96.32,Mild Toxicity
heart,Drug A,24.81,31.48,96.71,7.484,95.8,1.13,1.43,75.31,91.49,115.5,93.24,Normal
heart,Drug B,48.83,13.43,86.19,7.272,79.24,2.94,9.53,84.25,79.74,89.87,75.47,Mild Toxicity
kidney,Drug C,12.15,27.77,83.63,7.206,76.1,3.73,11.36,85.65,78.35,75.62,72.9,Mild Toxicity
kidney,Drug A,6.2,34.07,95.66,7.392,98.54,0.49,1.36,74.66,89.68,112.94,98.5,Normal
liver,Drug A,42.13,25.04,96.52,7.37,95.94,1.22,1.8,71.5,86.39,120.95,90.19,Normal
heart,Drug A,44.4,7.43,97.33,7.407,100.0,1.13,1.36,60.67,91.27,118.03,87.39,Normal
liver,Drug C,44.71,8.77,82.1,7.222,74.08,4.23,13.37,88.09,72.16,99.21,82.82,Mild Toxicity
kidney,Drug B,27.02,29.53,84.58,7.191,79.21,3.43,11.89,87.65,76.17,88.99,78.83,Mild Toxicity
heart,Drug A,16.47,5.15,97.42,7.346,98.18,0.96,1.61,69.89,87.38,120.05,104.54,Normal
kidney,Drug C,7.13,35.11,89.97,7.265,85.36,2.89,9.43,80.95,81.14,94.91,87.35,Mild Toxicity
kidney,Drug A,16.16,30.9,96.2,7.475,97.4,1.14,1.44,75.23,89.46,101.48,92.63,Normal
kidney,Drug A,16.19,1.39,94.31,7.383,98.49,0.8,1.48,72.22,93.05,114.2,100.42,Normal
heart,Drug A,55.01,28.9,95.45,7.364,99.06,1.14,0.95,71.64,91.41,97.62,105.77,Normal
kidney,Drug B,18.14,4.48,98.79,7.44,95.5,1.56,2.12,72.24,88.11,106.36,93.43,Normal
lungs,Drug B,16.2,27.1,93.63,7.295,87.73,2.72,7.54,82.9,80.77,83.73,82.43,Normal
liver,Drug A,10.19,10.34,100.0,7.374,100.0,0.96,0.99,70.36,87.44,117.73,89.24,Normal
kidney,Drug B,55.28,9.7,89.89,7.316,87.65,2.59,8.47,79.19,79.18,96.28,94.16,Mild Toxicity
liver,Drug A,57.91,29.55,98.86,7.356,97.97,1.03,0.83,74.35,93.3,113.95,100.66,Normal
heart,Drug C,29.0,2.66,91.36,7.367,95.69,1.69,3.21,71.35,87.08,101.97,98.64,Normal
heart,Drug A,41.05,10.47,95.92,7.376,97.64,1.13,1.9,75.04,91.55,103.38,102.04,Normal
kidney,Drug A,47.06,14.18,96.11,7.408,96.63,1.02,1.88,71.43,85.07,113.54,99.77,Normal
lungs,Drug A,58.97,34.75,96.27,7.48,100.0,1.0,1.69,71.21,99.58,100.91,101.78,Normal
lungs,Drug C,16.93,18.2,82.89,7.205,81.91,3.49,11.12,86.77,78.47,85.69,82.12,Mild Toxicity
heart,Drug C,39.66,33.49,44.28,6.791,19.44,10.83,41.61,41.28,26.76,22.22,58.53,Severe Toxicity
lungs,Drug A,48.85,24.7,98.27,7.414,98.74,0.91,2.14,68.32,86.39,100.14,91.18,Normal
lungs,Drug A,48.51,31.78,98.72,7.385,96.13,1.12,1.68,72.45,86.31,93.32,88.97,Normal
kidney,Drug C,57.19,5.91,85.74,7.185,79.05,3.65,11.8,81.2,77.75,83.4,89.5,Mild Toxicity
liver,Drug B,22.46,26.22,87.36,7.296,85.51,3.2,8.77,81.33,71.23,95.02,80.77,Mild Toxicity
liver,Drug B,37.77,11.22,89.14,7.297,88.9,2.3,6.59,77.05,85.97,95.6,84.75,Normal
liver,Drug A,22.38,19.36,95.98,7.411,97.68,1.18,1.2,67.83,81.49,111.61,87.1,Normal
liver,Drug A,34.51,17.82,97.62,7.397,98.32,0.9,1.74,68.43,96.1,105.32,88.53,Normal
kidney,Drug C,28.39,34.4,59.95,6.951,43.73,8.47,31.31,38.83,41.4,42.96,55.45,Severe Toxicity
liver,Drug B,39.58,3.41,95.29,7.374,94.65,1.37,2.88,70.34,85.8,102.28,85.62,Normal
liver,Drug C,21.85,24.07,73.07,7.107,66.82,4.91,17.35,93.96,62.2,68.97,70.04,Mild Toxicity
lungs,Drug A,23.13,31.76,97.54,7.398,96.19,0.92,0.83,67.07,94.01,105.27,91.74,Normal
heart,Drug C,48.0,22.69,51.44,6.789,33.55,9.11,34.45,47.24,33.3,24.99,53.48,Severe Toxicity
heart,Drug C,41.23,27.11,55.44,6.813,33.05,8.98,35.44,42.71,27.72,45.12,53.23,Severe Toxicity
kidney,Drug A,57.63,25.75,97.77,7.488,97.75,0.93,0.97,77.42,89.39,106.92,96.52,Normal
kidney,Drug A,2.96,17.57,97.99,7.396,96.09,1.4,1.14,79.14,91.9,99.05,103.12,Normal
kidney,Drug A,32.12,11.24,99.03,7.413,100.0,0.8,1.43,77.35,92.23,104.06,95.81,Normal
kidney,Drug B,20.69,14.55,92.05,7.329,94.77,2.02,5.07,81.87,82.51,108.78,88.98,Normal
heart,Drug C,52.43,31.9,30.17,6.6,5.0,12.0,52.84,23.55,8.0,8.0,27.84,Severe Toxicity
liver,Drug A,11.26,12.22,95.02,7.399,100.0,1.24,1.26,74.41,91.57,102.34,100.12,Normal
liver,Drug C,32.99,10.68,84.79,7.19,77.6,3.82,12.29,83.03,73.62,92.51,87.85,Mild Toxicity
liver,Drug A,54.68,32.15,97.95,7.349,97.55,1.22,1.76,77.16,93.82,118.69,97.36,Normal
liver,Drug B,30.25,7.46,94.35,7.411,89.44,1.92,4.23,74.05,83.77,114.68,93.07,Normal
liver,Drug A,21.21,24.45,97.26,7.418,97.75,0.92,1.88,68.31,88.69,120.71,98.87,Normal
lungs,Drug A,43.16,27.49,97.42,7.416,97.77,1.18,1.18,83.22,90.34,116.59,96.33,Normal
lungs,Drug A,13.62,3.97,94.09,7.328,100.0,0.94,0.92,70.49,93.62,108.63,99.52,Normal
heart,Drug C,57.75,24.82,38.69,6.631,16.67,12.0,45.71,31.68,8.74,8.0,43.32,Severe Toxicity
kidney,Drug A,3.35,6.37,98.79,7.411,98.63,1.03,1.42,73.5,94.11,106.95,90.39,Normal
lungs,Drug A,26.99,14.66,96.35,7.371,95.53,1.48,1.77,74.18,96.26,103.61,97.72,Normal
kidney,Drug A,27.51,25.0,94.16,7.374,99.34,1.07,1.37,69.82,93.74,104.07,98.32,Normal
liver,Drug B,6.72,17.45,92.96,7.353,98.86,1.48,2.88,75.13,89.26,100.23,93.44,Normal
heart,Drug B,43.61,33.01,73.56,7.02,63.8,5.58,19.21,103.83,59.66,63.71,68.06,Severe Toxicity
kidney,Drug B,32.76,14.1,88.5,7.26,85.88,2.51,7.54,80.49,82.36,97.4,93.41,Normal
lungs,Drug C,14.03,20.6,86.22,7.189,80.82,3.57,10.33,75.27,77.67,87.54,88.95,Mild Toxicity
lungs,Drug C,14.17,4.19,95.29,7.41,95.56,1.28,3.23,66.49,92.82,88.9,83.39,Normal
liver,Drug B,11.17,16.12,93.01,7.317,93.27,1.52,4.36,72.56,87.02,93.74,94.16,Normal
liver,Drug C,59.78,35.29,20.0,6.6,5.0,12.0,60.0,20.0,8.0,8.0,20.0,Severe Toxicity
heart,Drug B,17.3,7.03,94.3,7.332,95.37,1.44,3.16,79.11,92.08,100.55,87.21,Normal
heart,Drug A,39.14,20.11,99.33,7.412,98.42,0.9,2.39,61.84,93.8,105.24,88.88,Normal
kidney,Drug C,51.28,11.26,74.33,7.142,62.19,5.14,18.65,91.21,59.92,63.24,74.63,Mild Toxicity
lungs,Drug B,35.29,6.47,93.29,7.3,94.76,1.83,4.04,73.81,84.33,102.78,88.56,Normal
heart,Drug B,41.83,32.68,73.67,7.113,64.92,5.32,18.4,100.2,64.4,71.14,68.44,Mild Toxicity
lungs,Drug B,57.16,28.94,69.2,6.97,55.08,5.9,22.11,106.45,50.18,54.58,77.98,Severe Toxicity
heart,Drug B,32.68,2.17,96.71,7.397,96.62,1.39,2.19,73.78,91.91,112.69,94.91,Normal
heart,Drug B,16.44,1.68,97.9,7.416,98.88,0.88,1.71,62.03,88.31,97.92,90.67,Normal
heart,Drug C,8.04,5.69,94.54,7.329,99.59,1.05,3.07,69.79,93.45,109.51,96.14,Normal
liver,Drug A,28.03,8.09,96.53,7.41,98.95,1.25,1.11,68.42,88.11,116.46,87.7,Normal
liver,Drug B,16.84,35.17,88.39,7.224,83.59,2.96,8.74,77.73,88.41,97.44,84.36,Mild Toxicity
heart,Drug A,12.83,19.58,97.01,7.39,98.27,0.8,1.23,75.95,88.11,103.66,93.31,Normal
heart,Drug A,4.44,15.17,93.97,7.362,100.0,1.11,1.1,83.15,89.91,115.42,94.47,Normal
heart,Drug B,36.18,19.66,83.7,7.183,81.36,3.5,10.56,84.44,78.98,96.43,90.19,Mild Toxicity
heart,Drug C,25.02,29.85,70.23,7.092,51.32,6.68,24.64,104.43,58.84,55.1,70.24,Severe Toxicity
kidney,Drug A,9.23,20.9,95.61,7.366,98.21,1.3,1.51,75.8,90.03,108.71,106.86,Normal
lungs,Drug B,40.25,35.26,71.27,7.074,65.54,5.24,18.85,103.26,63.46,62.02,62.12,Mild Toxicity
liver,Drug C,55.09,11.61,73.42,7.098,60.87,5.65,20.97,103.57,56.53,54.13,69.08,Mild Toxicity
heart,Drug B,55.31,14.15,83.92,7.208,81.76,3.45,10.65,97.59,73.29,84.75,78.7,Mild Toxicity
kidney,Drug A,3.73,11.78,97.78,7.397,96.29,1.23,1.66,81.48,94.9,109.52,89.04,Normal
liver,Drug A,50.85,35.08,96.98,7.397,100.0,0.8,1.36,65.03,87.73,94.75,102.13,Normal
liver,Drug A,39.58,2.42,93.28,7.447,97.49,1.26,1.74,65.36,86.7,106.07,94.47,Normal
lungs,Drug C,8.22,10.5,95.11,7.319,90.67,1.68,3.94,79.43,84.99,97.14,85.15,Normal
lungs,Drug A,19.42,16.09,94.11,7.376,95.13,1.23,1.36,69.3,95.7,108.96,98.67,Normal
liver,Drug A,40.64,31.3,97.16,7.408,99.05,1.05,1.62,66.47,91.91,110.03,81.9,Normal
lungs,Drug C,3.42,25.63,97.93,7.357,92.59,1.53,4.91,74.48,87.81,105.67,93.86,Normal
lungs,Drug B,6.37,24.73,93.79,7.401,92.72,1.53,3.36,80.17,87.99,101.62,89.76,Normal
liver,Drug B,55.53,35.53,62.99,6.869,48.39,7.14,25.54,117.37,44.55,57.68,68.73,Severe Toxicity
heart,Drug C,39.04,32.49,44.61,6.752,26.16,10.45,40.69,36.43,21.49,23.5,43.88,Severe Toxicity
heart,Drug C,55.27,8.53,80.39,7.094,68.16,4.59,16.32,84.42,71.57,79.25,74.95,Mild Toxicity
heart,Drug A,52.74,10.58,98.4,7.382,100.0,0.93,1.53,75.61,83.51,105.48,90.9,Normal
heart,Drug C,25.2,24.4,75.43,7.108,61.25,5.73,20.49,100.84,55.09,68.98,81.0,Mild Toxicity
kidney,Drug B,31.38,6.2,93.83,7.329,92.22,1.67,5.15,68.22,91.84,105.0,98.39,Normal
heart,Drug B,14.15,8.9,95.81,7.322,89.35,1.39,2.65,65.59,87.55,96.32,89.66,Normal
liver,Drug B,31.22,33.27,79.5,7.099,72.35,4.16,14.28,91.29,69.48,75.85,76.33,Mild Toxicity
kidney,Drug C,35.95,34.84,51.63,6.695,20.18,10.55,39.68,35.94,25.48,29.83,46.07,Severe Toxicity
lungs,Drug C,44.32,15.3,71.43,7.064,60.32,6.12,22.42,98.69,58.74,69.39,69.42,Severe Toxicity
heart,Drug A,26.01,28.54,92.48,7.395,97.02,0.88,1.79,78.86,90.28,105.49,96.75,Normal
heart,Drug B,9.92,28.14,94.88,7.282,90.47,1.79,4.56,83.29,85.77,94.98,83.75,Normal
liver,Drug B,27.14,9.56,97.07,7.359,92.42,2.02,4.57,70.36,89.97,118.02,84.23,Normal
heart,Drug A,27.64,10.41,97.95,7.336,94.06,0.89,2.0,72.34,92.23,90.46,98.76,Normal
liver,Drug C,20.79,29.52,76.91,7.049,60.63,5.52,20.14,94.65,62.49,64.15,65.01,Severe Toxicity
heart,Drug A,44.01,23.11,97.35,7.411,93.75,1.06,2.42,66.39,92.65,97.64,90.53,Normal
kidney,Drug A,43.45,6.56,97.26,7.37,96.06,1.14,1.89,74.77,97.13,105.92,89.38,Normal
liver,Drug C,54.82,8.84,77.21,7.163,67.54,4.64,16.45,85.91,67.31,90.94,78.21,Mild Toxicity
heart,Drug B,46.48,6.83,89.83,7.304,88.0,1.92,5.89,81.25,89.1,99.87,76.12,Normal
liver,Drug C,38.51,23.23,63.22,6.989,46.81,7.81,28.4,47.62,44.41,50.02,64.48,Severe Toxicity
kidney,Drug A,59.94,9.04,97.5,7.414,96.15,1.2,1.79,69.47,96.15,110.16,90.8,Normal
heart,Drug B,38.17,13.51,88.94,7.207,87.17,2.83,7.66,83.6,75.58,97.03,94.78,Mild Toxicity
kidney,Drug B,56.37,11.17,88.49,7.218,82.02,3.01,8.93,88.15,73.27,91.33,88.49,Mild Toxicity
lungs,Drug B,50.53,7.01,87.97,7.302,87.98,2.02,5.93,83.9,79.92,95.25,90.62,Normal
kidney,Drug A,12.16,8.68,96.84,7.421,96.26,0.92,1.97,69.6,88.09,116.6,85.46,Normal
lungs,Drug B,14.61,3.2,96.69,7.354,91.11,1.42,1.91,63.15,87.58,110.68,91.36,Normal
kidney,Drug A,13.14,1.15,96.57,7.405,93.37,1.09,1.48,71.47,93.45,101.95,99.65,Normal
liver,Drug B,21.98,27.37,89.3,7.222,82.34,2.92,9.24,82.06,79.89,82.93,88.52,Mild Toxicity
kidney,Drug A,9.12,4.58,95.33,7.372,98.34,1.18,1.61,71.49,93.7,109.69,101.21,Normal
liver,Drug B,10.05,11.26,96.27,7.378,91.88,1.2,2.59,68.06,92.85,106.13,101.22,Normal
lungs,Drug B,10.98,32.0,89.98,7.3,90.39,1.99,5.89,82.55,80.61,99.26,80.75,Normal
kidney,Drug C,23.95,7.99,91.37,7.29,84.02,2.64,6.56,81.39,87.74,101.67,89.19,Normal
kidney,Drug A,38.67,35.95,97.92,7.396,100.0,1.18,1.23,68.93,87.67,107.76,98.31,Normal
heart,Drug B,55.43,16.32,79.33,7.185,72.48,3.67,12.87,86.9,74.24,88.5,71.24,Mild Toxicity
lungs,Drug B,13.82,32.96,89.13,7.254,87.65,2.39,7.23,77.06,78.86,109.5,86.74,Normal
kidney,Drug A,10.43,35.9,94.97,7.436,95.84,1.07,1.27,79.27,98.94,118.86,100.52,Normal
liver,Drug B,58.75,17.23,80.36,7.119,77.52,4.46,13.82,91.06,69.34,67.19,79.88,Mild Toxicity
kidney,Drug A,12.95,26.46,99.99,7.422,95.57,1.11,2.32,75.98,99.41,110.77,95.19,Normal
heart,Drug C,7.33,30.05,88.17,7.248,83.67,2.72,8.26,88.48,88.41,78.48,89.28,Mild Toxicity
heart,Drug B,12.34,23.61,92.79,7.365,87.78,1.65,5.35,77.67,89.34,107.91,91.0,Normal
lungs,Drug B,35.24,35.96,78.33,7.073,67.77,4.88,17.24,100.37,63.45,73.4,76.82,Mild Toxicity
liver,Drug A,16.78,6.99,97.62,7.464,100.0,1.1,1.23,73.18,95.14,110.41,87.39,Normal
heart,Drug B,41.06,10.86,90.64,7.332,84.86,2.0,7.56,80.94,85.84,91.58,85.99,Normal
liver,Drug A,58.35,22.76,96.86,7.399,97.94,0.92,2.4,62.68,92.1,103.41,101.63,Normal
kidney,Drug A,13.26,31.77,97.34,7.449,98.32,0.74,1.77,77.06,93.43,100.85,88.7,Normal
kidney,Drug B,37.6,15.94,88.61,7.289,82.27,2.67,8.84,78.59,80.68,90.29,89.75,Mild Toxicity
heart,Drug A,43.23,11.04,96.0,7.33,99.0,1.13,1.75,80.69,88.69,104.44,93.56,Normal
kidney,Drug A,26.4,3.49,95.71,7.339,96.83,0.84,1.21,67.32,95.36,113.8,94.05,Normal
heart,Drug A,54.89,28.98,97.04,7.383,96.15,1.11,2.02,73.54,87.42,112.19,95.9,Normal
heart,Drug A,35.53,27.41,98.76,7.439,99.48,1.05,1.13,70.84,94.78,121.32,93.18,Normal
kidney,Drug A,49.77,4.4,96.11,7.383,96.5,1.23,1.25,67.22,96.87,110.53,92.93,Normal
lungs,Drug C,5.73,3.4,95.01,7.379,96.26,1.41,2.61,76.23,93.11,108.27,89.52,Normal
liver,Drug C,54.02,24.8,46.66,6.755,19.54,11.3,43.05,31.76,23.42,19.67,29.88,Severe Toxicity
kidney,Drug B,22.79,22.57,89.67,7.16,87.46,2.82,7.38,77.82,80.99,91.08,84.57,Mild Toxicity
lungs,Drug C,49.08,17.21,64.51,6.952,50.57,6.96,27.03,104.31,46.64,56.06,61.71,Severe Toxicity
lungs,Drug A,45.79,18.98,95.38,7.36,92.89,1.26,1.82,77.2,88.61,126.62,92.05,Normal
kidney,Drug B,19.31,12.65,93.55,7.361,92.14,1.4,4.49,83.93,82.11,102.19,93.67,Normal
lungs,Drug C,3.37,9.79,92.76,7.387,98.84,1.44,3.31,73.45,100.0,106.87,93.68,Normal
kidney,Drug A,11.61,17.72,97.33,7.411,99.91,1.05,1.84,77.53,92.86,98.04,84.95,Normal
liver,Drug A,47.07,5.08,100.0,7.447,98.57,1.2,1.54,80.15,91.17,118.38,94.99,Normal
kidney,Drug C,47.08,31.41,38.12,6.6,13.94,12.0,46.7,34.1,12.19,14.57,44.36,Severe Toxicity
kidney,Drug B,50.49,25.25,77.9,7.102,67.3,4.73,17.2,93.73,61.52,81.77,74.94,Mild Toxicity
heart,Drug A,11.02,18.41,97.36,7.36,100.0,1.0,1.05,63.28,91.46,108.1,90.91,Normal
heart,Drug B,49.99,12.78,87.12,7.293,82.56,3.07,10.01,92.31,82.16,75.61,81.59,Mild Toxicity
kidney,Drug B,40.01,30.9,76.04,7.17,69.59,5.27,16.85,95.97,60.57,80.02,76.55,Mild Toxicity
liver,Drug A,8.77,33.33,97.33,7.43,99.81,1.27,1.62,72.51,94.79,110.5,103.53,Normal
kidney,Drug B,51.25,8.88,89.32,7.349,91.89,2.61,7.49,78.21,82.09,100.38,87.72,Normal
heart,Drug A,12.61,29.38,94.63,7.419,90.86,0.97,1.59,77.59,90.96,115.86,95.43,Normal
liver,Drug C,23.72,3.28,96.72,7.353,97.41,1.59,4.13,68.98,91.86,106.47,86.28,Normal
kidney,Drug C,24.43,5.61,94.22,7.253,90.74,1.88,5.42,72.27,81.52,99.35,91.4,Normal
kidney,Drug A,27.81,7.63,98.03,7.402,95.36,0.73,1.43,66.86,96.0,114.69,80.21,Normal
liver,Drug C,41.98,20.66,61.57,6.944,48.94,7.83,27.33,52.17,50.93,43.71,62.85,Severe Toxicity
lungs,Drug C,40.31,7.94,86.62,7.269,77.79,3.18,11.06,93.53,74.72,94.49,78.27,Mild Toxicity
kidney,Drug B,24.95,11.15,90.39,7.281,88.54,1.98,5.29,79.06,82.57,112.04,81.92,Normal
liver,Drug B,54.66,18.15,79.1,7.12,71.09,3.82,14.24,97.11,73.71,77.57,79.43,Mild Toxicity
heart,Drug C,13.87,16.03,90.65,7.268,86.08,2.82,9.25,82.48,77.13,89.79,91.28,Mild Toxicity
liver,Drug B,3.5,2.24,96.16,7.413,96.18,1.53,1.29,75.93,95.69,114.53,93.4,Normal
liver,Drug A,48.17,29.16,99.31,7.337,95.23,1.3,1.4,69.65,87.19,107.06,102.39,Normal
heart,Drug B,36.82,9.08,91.39,7.28,88.8,1.65,5.62,67.87,88.94,103.29,81.23,Normal
kidney,Drug C,53.09,16.81,60.97,6.93,49.77,7.56,28.46,44.81,44.35,47.07,67.29,Severe Toxicity
kidney,Drug A,34.1,25.57,98.12,7.367,100.0,1.11,1.27,77.32,91.18,106.76,91.6,Normal
heart,Drug C,13.7,5.78,93.19,7.41,93.21,1.86,4.06,78.78,89.82,91.41,85.25,Normal
liver,Drug A,46.0,16.19,98.88,7.379,96.92,1.05,1.31,73.34,90.92,101.78,91.58,Normal
liver,Drug B,8.33,33.08,97.0,7.294,91.56,2.11,5.63,78.39,79.56,99.53,101.63,Normal
lungs,Drug A,40.7,27.14,96.14,7.438,94.59,1.12,1.54,73.94,90.98,111.46,89.84,Normal
heart,Drug B,16.32,13.17,96.94,7.332,90.84,1.91,3.57,79.49,87.86,97.42,87.47,Normal
liver,Drug B,55.06,12.44,86.76,7.249,80.64,2.94,10.28,88.32,72.66,100.42,84.79,Mild Toxicity
heart,Drug C,28.02,2.56,91.89,7.432,96.92,1.82,3.58,73.07,85.86,114.07,81.87,Normal
liver,Drug B,17.01,30.6,87.15,7.242,84.58,2.57,9.1,87.31,78.25,83.8,85.35,Mild Toxicity
lungs,Drug B,42.04,21.13,82.32,7.12,74.98,4.06,12.58,92.36,68.58,84.53,88.7,Mild Toxicity
kidney,Drug C,52.1,18.98,60.64,6.918,41.69,8.33,32.23,45.83,39.93,45.69,56.03,Severe Toxicity
liver,Drug B,16.88,18.83,93.74,7.333,90.3,1.86,5.76,84.1,88.46,100.23,90.53,Normal
kidney,Drug C,35.61,28.74,57.32,6.849,38.68,8.73,32.62,42.25,34.3,36.25,52.83,Severe Toxicity
liver,Drug B,32.21,14.19,89.67,7.284,92.04,2.48,7.17,89.12,83.71,82.85,90.1,Normal
kidney,Drug A,27.27,32.21,96.52,7.418,99.92,1.09,0.87,66.81,90.76,106.38,98.2,Normal
kidney,Drug A,9.14,26.26,94.45,7.443,100.0,0.89,1.8,67.2,88.52,113.35,84.91,Normal
heart,Drug B,28.07,14.77,90.58,7.27,90.22,2.38,6.78,75.22,81.54,90.31,77.27,Normal
lungs,Drug A,36.72,13.67,97.03,7.394,97.85,0.8,0.83,72.02,86.23,106.85,100.97,Normal
lungs,Drug B,54.77,24.73,72.26,7.054,63.02,5.35,18.65,89.61,61.67,67.71,76.22,Mild Toxicity
liver,Drug B,5.53,23.94,95.47,7.381,93.03,1.41,2.66,79.17,89.33,94.37,92.45,Normal
liver,Drug C,32.52,34.25,53.17,6.773,34.41,9.27,35.26,35.4,34.11,34.51,50.95,Severe Toxicity
lungs,Drug A,51.95,22.7,98.08,7.444,96.32,1.12,1.64,76.92,89.46,112.32,93.24,Normal
kidney,Drug C,59.74,13.98,63.47,6.914,50.25,7.01,27.41,99.27,51.46,61.93,64.12,Severe Toxicity
liver,Drug B,34.9,16.33,89.7,7.214,81.77,2.8,8.39,87.03,80.01,97.55,88.03,Mild Toxicity
heart,Drug A,14.18,6.4,95.05,7.442,100.0,1.38,0.92,72.66,88.96,111.91,85.82,Normal
heart,Drug C,45.48,32.0,41.87,6.636,13.76,12.0,46.15,35.3,20.36,13.63,33.24,Severe Toxicity
kidney,Drug B,54.52,20.72,81.93,7.094,71.33,4.39,16.1,105.72,66.92,67.28,74.94,Mild Toxicity
kidney,Drug A,33.9,13.77,95.74,7.382,94.25,1.32,1.28,76.57,89.58,110.84,106.62,Normal
lungs,Drug B,58.19,34.8,62.97,6.882,46.66,7.3,27.13,115.54,47.68,47.58,55.04,Severe Toxicity
lungs,Drug C,54.29,21.95,50.22,6.828,27.81,9.82,37.76,37.97,31.4,24.23,47.58,Severe Toxicity
kidney,Drug A,30.0,4.52,97.31,7.437,95.39,1.02,1.1,71.18,89.94,115.55,106.64,Normal
lungs,Drug C,57.82,14.37,63.7,6.951,51.0,7.02,26.9,101.29,46.45,48.51,63.19,Severe Toxicity
liver,Drug B,56.95,15.95,81.97,7.185,72.78,3.84,12.6,85.64,67.55,83.16,88.54,Mild Toxicity
lungs,Drug A,21.03,17.79,96.51,7.382,95.8,1.11,1.19,64.51,96.62,93.86,96.44,Normal
heart,Drug C,35.89,24.77,63.23,6.978,47.46,7.83,28.42,44.34,47.1,54.69,63.23,Severe Toxicity
liver,Drug B,9.57,15.78,97.25,7.311,98.83,1.23,3.69,78.33,87.67,110.98,98.32,Normal
liver,Drug B,48.91,27.05,72.12,7.065,63.31,4.94,17.48,93.47,65.21,65.23,75.72,Mild Toxicity
lungs,Drug A,2.33,5.04,95.0,7.339,96.07,0.95,1.13,75.28,85.86,104.43,94.8,Normal
heart,Drug A,53.27,25.67,98.63,7.418,97.23,1.22,2.07,74.46,89.57,115.43,90.22,Normal
lungs,Drug A,13.35,8.48,100.0,7.45,99.94,1.35,2.46,71.37,97.98,111.22,106.99,Normal
heart,Drug B,18.81,25.63,91.14,7.23,84.96,2.43,7.71,83.28,86.62,95.23,86.8,Mild Toxicity
lungs,Drug C,33.71,1.78,95.57,7.316,95.24,1.38,2.88,71.32,88.66,102.99,97.41,Normal
kidney,Drug A,56.08,32.97,96.1,7.4,94.2,1.17,1.62,67.81,88.22,107.09,97.52,Normal
liver,Drug B,28.24,3.54,99.3,7.388,92.89,1.35,2.69,75.27,96.88,98.56,95.37,Normal
kidney,Drug C,26.87,10.69,86.44,7.279,80.55,3.39,10.24,86.34,78.93,90.35,73.47,Mild Toxicity
heart,Drug B,17.33,5.55,95.46,7.353,97.64,1.44,2.78,71.58,93.14,101.88,90.73,Normal
heart,Drug C,19.3,30.41,73.44,7.1,61.57,5.53,19.13,96.07,63.65,72.11,71.48,Mild Toxicity
lungs,Drug A,2.82,8.56,94.12,7.372,95.1,1.0,1.31,77.36,91.13,115.71,90.72,Normal
liver,Drug B,50.46,8.21,88.3,7.346,89.16,2.43,6.49,80.32,73.83,88.2,90.73,Normal
kidney,Drug B,7.19,13.52,97.91,7.411,96.59,1.49,3.02,67.83,92.42,103.49,88.91,Normal
lungs,Drug B,29.96,21.04,86.83,7.287,81.79,2.87,8.77,83.86,77.35,97.08,80.73,Mild Toxicity
liver,Drug B,55.15,20.25,78.19,7.083,72.78,4.3,15.22,90.52,68.12,58.12,72.22,Mild Toxicity
heart,Drug B,44.66,34.76,76.38,7.018,64.46,5.88,21.34,105.46,52.35,65.51,66.35,Severe Toxicity
heart,Drug A,47.27,28.0,94.09,7.413,96.54,1.3,1.15,73.05,91.18,118.91,92.78,Normal
heart,Drug A,8.52,1.25,96.81,7.369,96.33,1.48,1.93,73.98,93.68,96.55,90.86,Normal
kidney,Drug C,58.65,23.75,43.68,6.686,17.15,11.49,43.4,33.42,19.33,11.49,31.38,Severe Toxicity
liver,Drug C,49.63,29.39,35.9,6.626,11.19,11.75,45.69,36.82,10.16,8.0,32.79,Severe Toxicity
heart,Drug B,26.09,15.11,90.64,7.322,87.77,2.41,6.56,72.4,76.46,106.78,89.62,Normal
kidney,Drug A,2.15,18.39,96.16,7.411,98.55,1.01,1.35,79.21,89.47,107.5,95.18,Normal
kidney,Drug C,47.03,5.98,85.12,7.242,76.78,3.18,9.63,85.06,71.95,84.95,88.36,Mild Toxicity
kidney,Drug C,58.43,35.89,20.0,6.6,5.0,12.0,60.0,20.0,8.0,8.0,20.0,Severe Toxicity
lungs,Drug A,32.64,20.34,96.11,7.461,96.91,1.05,0.99,66.6,92.5,107.97,92.88,Normal
kidney,Drug A,25.15,30.98,97.81,7.367,99.32,0.85,1.19,72.44,90.51,102.32,105.22,Normal
lungs,Drug C,47.63,21.4,57.16,6.908,40.07,8.97,32.36,40.6,37.64,31.25,51.53,Severe Toxicity
heart,Drug A,44.2,14.21,100.0,7.39,100.0,0.66,1.7,70.03,91.54,102.11,85.83,Normal
kidney,Drug B,51.1,19.92,78.14,7.15,74.9,4.03,14.77,89.09,68.53,91.31,77.18,Mild Toxicity
kidney,Drug C,3.78,5.65,96.03,7.358,98.68,1.12,2.06,74.06,89.14,113.7,83.89,Normal
heart,Drug A,58.1,25.01,97.45,7.444,94.7,1.33,1.32,64.57,83.46,95.67,97.61,Normal
heart,Drug C,35.71,17.92,70.16,7.042,60.34,6.1,21.12,100.96,62.4,61.22,64.65,Severe Toxicity
kidney,Drug B,9.17,23.69,93.13,7.386,90.79,1.73,3.98,71.0,84.55,105.06,96.4,Normal
lungs,Drug B,6.29,34.54,92.14,7.292,90.98,1.82,3.93,67.14,83.05,115.67,96.33,Normal
kidney,Drug A,55.93,15.99,97.44,7.379,98.18,1.16,1.83,60.68,94.78,108.8,96.74,Normal
liver,Drug B,11.73,13.69,93.18,7.368,90.05,1.5,3.49,78.24,89.93,106.65,85.28,Normal
liver,Drug A,17.05,25.19,96.73,7.389,98.69,0.93,1.31,88.66,88.32,110.0,95.73,Normal
liver,Drug C,58.42,27.89,32.94,6.6,5.0,12.0,51.23,33.68,8.0,8.0,37.9,Severe Toxicity
lungs,Drug B,33.64,29.54,81.91,7.065,73.79,3.92,13.84,100.35,69.11,91.89,85.58,Mild Toxicity
kidney,Drug C,57.8,21.71,48.02,6.78,25.86,10.58,39.79,29.48,27.69,28.29,45.71,Severe Toxicity
heart,Drug B,42.15,14.76,86.41,7.216,85.22,2.65,9.09,79.42,77.04,79.37,84.37,Mild Toxicity
heart,Drug B,32.95,8.95,91.06,7.333,91.47,1.91,5.5,71.32,84.32,92.35,79.2,Normal
lungs,Drug A,17.34,35.66,92.82,7.435,98.56,0.85,1.65,71.67,92.77,96.85,89.71,Normal
lungs,Drug C,9.36,33.82,81.4,7.226,77.73,3.25,11.17,79.56,70.12,99.69,82.31,Mild Toxicity
lungs,Drug A,26.33,20.38,97.21,7.407,95.76,1.32,1.27,71.35,97.19,98.64,96.64,Normal
heart,Drug C,14.45,9.44,92.78,7.32,94.12,1.92,6.15,79.08,84.04,98.15,93.01,Normal
lungs,Drug B,33.29,14.72,88.04,7.337,83.02,2.43,7.47,79.95,91.56,89.44,82.56,Normal
heart,Drug C,17.03,21.76,83.97,7.218,75.24,3.72,13.15,83.74,68.91,86.5,85.37,Mild Toxicity
liver,Drug A,55.41,10.38,97.55,7.46,97.36,1.01,1.56,69.17,86.07,108.67,79.39,Normal
heart,Drug C,11.73,6.41,94.56,7.336,96.72,1.53,3.66,70.49,92.67,107.77,100.88,Normal
heart,Drug A,44.41,13.23,93.96,7.441,97.75,0.81,1.21,80.76,95.08,124.71,90.13,Normal
liver,Drug A,45.09,34.22,97.61,7.366,99.38,0.81,1.83,72.0,94.0,108.96,98.76,Normal
heart,Drug C,20.34,2.09,93.6,7.368,97.78,1.6,2.66,72.2,93.74,103.93,95.51,Normal
liver,Drug A,35.91,8.44,95.98,7.375,98.6,1.02,1.83,76.18,95.96,110.15,97.69,Normal
kidney,Drug A,32.48,28.86,98.28,7.364,95.77,1.14,1.19,76.28,87.09,110.93,105.63,Normal
kidney,Drug C,50.51,15.32,65.17,7.048,53.49,6.58,25.65,105.96,49.67,53.55,71.8,Severe Toxicity
kidney,Drug C,58.99,28.85,29.59,6.6,5.0,12.0,53.2,26.82,8.0,8.0,25.89,Severe Toxicity
liver,Drug A,18.25,30.5,96.89,7.379,100.0,1.05,1.14,73.42,87.08,104.89,96.76,Normal
heart,Drug C,19.85,12.25,87.79,7.285,86.59,2.7,8.76,78.63,81.61,93.68,83.02,Mild Toxicity
heart,Drug B,31.21,14.64,90.29,7.325,87.3,2.32,6.94,85.69,84.1,98.41,100.51,Normal
lungs,Drug C,56.63,3.22,91.77,7.257,87.98,2.22,7.12,77.0,89.3,90.94,90.5,Normal
heart,Drug A,56.89,31.11,98.43,7.317,100.0,0.81,1.52,75.28,85.87,107.06,95.58,Normal
kidney,Drug C,17.35,23.47,83.08,7.167,72.0,4.08,14.77,96.7,72.95,86.15,73.27,Mild Toxicity
kidney,Drug B,39.68,28.97,79.05,7.12,67.28,4.6,15.54,89.78,59.77,59.72,83.13,Mild Toxicity
kidney,Drug C,25.21,34.28,66.63,6.876,47.52,7.88,27.87,51.03,41.68,48.3,66.23,Severe Toxicity
heart,Drug A,46.82,24.11,98.35,7.365,99.75,0.88,1.3,74.32,85.24,116.66,92.35,Normal
heart,Drug B,41.79,7.23,91.19,7.373,90.03,2.07,4.94,82.34,90.0,105.3,88.33,Normal
kidney,Drug B,2.84,10.96,98.49,7.43,98.9,1.29,2.09,74.69,97.45,113.79,92.71,Normal
heart,Drug B,17.81,10.75,95.55,7.317,89.76,1.55,3.66,77.52,82.69,101.83,99.89,Normal
liver,Drug B,47.06,31.29,70.42,7.012,57.32,5.47,20.49,106.57,60.9,69.01,69.14,Severe Toxicity
liver,Drug A,21.93,17.73,97.91,7.391,95.86,0.86,0.89,65.64,94.0,98.64,81.7,Normal
heart,Drug B,55.67,35.66,63.72,6.926,48.51,7.24,25.96,108.66,55.96,54.29,68.33,Severe Toxicity
lungs,Drug B,42.26,30.98,75.21,7.083,68.64,5.06,17.83,105.12,65.03,78.42,72.74,Mild Toxicity
liver,Drug C,34.77,3.77,89.04,7.257,91.32,2.25,4.93,79.15,85.24,94.77,80.96,Normal
lungs,Drug A,49.49,31.99,98.28,7.407,97.33,1.11,0.59,68.14,90.33,111.77,92.32,Normal
lungs,Drug C,59.55,21.52,45.36,6.611,22.4,10.84,40.63,38.32,22.87,26.39,40.21,Severe Toxicity
lungs,Drug B,7.23,20.88,95.19,7.398,92.93,1.76,3.56,77.38,83.02,106.74,92.57,Normal
heart,Drug B,33.73,7.45,93.65,7.356,92.34,1.52,4.22,79.26,77.82,89.99,95.54,Normal
liver,Drug A,53.02,25.16,97.31,7.451,100.0,0.89,2.05,61.3,88.4,97.63,94.99,Normal
lungs,Drug A,12.95,32.55,96.48,7.452,97.44,1.17,1.19,78.53,86.95,97.54,84.89,Normal
heart,Drug B,45.34,1.24,94.72,7.439,97.41,1.55,2.59,74.28,83.88,122.68,95.93,Normal
heart,Drug C,47.58,25.34,48.07,6.836,27.85,10.03,39.05,33.07,23.78,27.69,42.11,Severe Toxicity
liver,Drug A,11.71,18.69,99.07,7.397,96.3,1.11,1.39,79.24,89.54,110.45,91.33,Normal
lungs,Drug A,58.65,2.12,95.26,7.388,95.31,1.23,0.79,71.76,93.61,123.36,107.07,Normal
kidney,Drug B,42.37,2.13,97.1,7.378,99.32,1.21,2.88,85.69,86.85,103.31,91.49,Normal
lungs,Drug A,21.52,33.12,96.5,7.363,100.0,0.96,1.92,75.2,85.83,106.09,88.21,Normal
liver,Drug A,35.7,33.19,96.3,7.41,100.0,1.16,0.93,76.39,95.55,110.68,101.9,Normal
liver,Drug B,41.26,26.95,78.27,7.119,71.62,4.49,15.13,97.01,70.68,62.48,76.17,Mild Toxicity
heart,Drug A,36.8,17.16,98.58,7.416,100.0,0.84,1.49,81.21,85.23,106.56,99.61,Normal
heart,Drug A,34.92,22.65,97.15,7.356,96.59,0.78,1.06,76.74,95.81,102.37,99.92,Normal
lungs,Drug B,20.31,6.1,95.99,7.352,88.44,1.14,3.1,85.64,90.67,101.38,93.01,Normal
heart,Drug B,20.87,31.3,86.96,7.221,82.36,3.28,9.62,79.45,79.92,85.78,78.76,Mild Toxicity
liver,Drug A,25.25,35.43,97.19,7.312,97.3,1.22,1.73,70.86,81.48,100.43,94.01,Normal
kidney,Drug A,3.69,30.51,95.4,7.454,100.0,0.76,1.89,64.8,88.94,107.51,92.42,Normal
heart,Drug A,49.89,35.91,98.37,7.36,99.12,0.95,1.19,75.71,92.66,130.42,101.48,Normal
heart,Drug A,38.2,30.0,99.84,7.483,98.27,1.13,2.09,66.41,88.58,110.46,95.42,Normal
heart,Drug C,52.6,3.25,92.32,7.272,87.09,2.54,7.62,84.34,83.09,99.79,91.58,Normal
liver,Drug B,52.24,25.62,71.61,7.024,64.63,5.49,18.53,97.75,57.8,62.51,67.4,Severe Toxicity
liver,Drug B,16.73,21.0,92.46,7.322,90.33,1.91,6.09,78.27,77.45,85.53,88.35,Normal
liver,Drug B,50.04,15.73,83.81,7.202,76.69,3.26,11.18,89.37,75.35,77.1,79.38,Mild Toxicity
kidney,Drug A,59.02,23.7,98.89,7.426,97.98,0.78,1.9,71.12,94.85,103.98,92.91,Normal
kidney,Drug A,21.46,7.02,96.27,7.391,100.0,1.11,1.29,66.44,91.7,109.15,111.5,Normal
lungs,Drug C,40.74,24.27,55.86,6.922,45.54,8.44,30.92,36.45,39.23,38.12,53.67,Severe Toxicity
heart,Drug B,13.79,22.15,91.59,7.308,88.88,1.97,5.46,69.53,91.02,87.04,92.71,Normal
liver,Drug A,43.23,10.89,97.76,7.38,100.0,0.94,1.65,71.96,93.47,111.37,93.7,Normal
heart,Drug A,13.68,22.73,97.81,7.456,94.25,1.18,1.8,69.14,87.05,99.14,97.75,Normal
lungs,Drug B,31.64,34.47,80.08,7.068,74.66,4.24,14.56,83.35,68.77,67.05,68.01,Mild Toxicity
kidney,Drug C,6.25,21.69,91.27,7.33,90.88,1.81,5.68,72.9,82.17,98.07,86.34,Normal
liver,Drug A,33.41,23.37,98.71,7.41,99.35,0.91,1.5,62.86,86.12,105.53,104.44,Normal
lungs,Drug A,38.49,4.61,96.52,7.398,95.66,1.24,1.3,68.21,90.88,102.97,89.85,Normal
lungs,Drug B,43.65,2.83,93.38,7.4,95.83,1.76,2.65,66.67,86.21,110.37,97.6,Normal
heart,Drug B,30.11,7.35,94.26,7.346,98.1,1.9,4.62,76.59,88.14,107.35,90.35,Normal
kidney,Drug B,2.59,3.49,93.69,7.384,98.07,1.14,1.52,71.07,89.11,97.53,101.81,Normal
lungs,Drug C,37.41,11.34,77.7,7.143,71.09,4.28,14.2,98.65,65.77,76.1,71.53,Mild Toxicity
kidney,Drug A,46.05,10.24,95.92,7.369,100.0,1.35,1.88,70.57,89.46,105.44,89.52,Normal
lungs,Drug A,10.17,1.19,99.32,7.405,98.49,0.93,1.3,67.83,92.2,115.03,89.01,Normal
lungs,Drug A,9.37,27.43,96.65,7.36,98.43,0.81,2.05,70.54,92.07,99.83,83.6,Normal
lungs,Drug A,16.54,22.25,92.7,7.415,98.17,1.09,1.45,66.05,96.13,108.1,94.64,Normal
lungs,Drug C,50.61,5.66,85.09,7.272,84.63,3.17,9.8,77.15,70.82,85.31,90.23,Mild Toxicity
heart,Drug A,45.17,26.26,95.86,7.333,99.39,1.34,1.57,70.35,91.26,102.87,88.02,Normal
liver,Drug A,4.04,2.57,99.98,7.329,95.6,0.98,2.09,76.41,94.13,121.54,92.98,Normal
kidney,Drug A,58.08,7.11,98.49,7.425,97.81,1.08,1.97,73.57,92.55,104.04,94.28,Normal
kidney,Drug A,29.32,30.77,98.96,7.44,99.75,1.18,2.36,67.03,95.33,112.17,98.25,Normal
liver,Drug B,31.02,6.36,94.8,7.301,89.98,1.53,4.37,77.52,89.77,105.05,96.45,Normal
kidney,Drug A,52.23,27.19,96.82,7.394,99.57,1.22,1.63,69.14,87.78,104.85,100.96,Normal
liver,Drug B,47.69,12.16,82.83,7.273,85.71,2.77,8.87,89.71,81.67,77.69,88.14,Mild Toxicity
kidney,Drug A,48.06,18.8,98.08,7.379,96.04,1.16,1.68,73.52,94.08,113.49,88.64,Normal
liver,Drug B,2.26,35.8,93.49,7.341,94.35,1.07,1.74,68.47,99.55,95.97,103.85,Normal
kidney,Drug C,7.46,35.45,87.41,7.286,81.99,3.26,9.47,76.66,81.51,101.14,84.95,Mild Toxicity
heart,Drug A,10.12,13.46,98.84,7.369,98.19,0.75,1.57,59.54,91.73,114.61,91.99,Normal
heart,Drug A,56.24,4.61,97.09,7.399,99.36,1.05,1.61,70.03,94.19,91.69,87.23,Normal
kidney,Drug C,54.0,22.78,49.32,6.787,26.44,9.93,39.02,30.5,19.35,23.31,50.23,Severe Toxicity
lungs,Drug B,44.69,35.01,69.86,6.969,58.64,5.74,21.11,99.87,53.21,59.77,59.83,Severe Toxicity
liver,Drug B,31.9,8.89,91.18,7.343,90.9,2.06,4.95,81.05,85.93,89.88,86.62,Normal
kidney,Drug C,46.72,33.78,36.79,6.633,7.09,12.0,49.76,22.41,8.0,8.0,33.44,Severe Toxicity
kidney,Drug A,9.35,6.72,96.6,7.434,99.33,1.21,1.74,71.66,99.05,99.77,87.64,Normal
liver,Drug B,55.41,1.3,95.02,7.408,96.97,1.02,2.32,75.21,95.92,117.62,99.14,Normal
lungs,Drug C,49.93,32.25,35.0,6.6,5.0,12.0,50.43,28.2,8.0,8.0,29.66,Severe Toxicity
lungs,Drug A,16.1,8.68,97.43,7.465,96.71,0.7,1.62,74.68,96.13,113.78,88.14,Normal
lungs,Drug A,2.54,15.61,97.4,7.401,99.47,1.17,1.64,70.42,96.26,110.98,103.83,Normal
heart,Drug B,46.23,12.71,84.62,7.28,85.94,2.51,8.62,88.98,77.51,96.02,77.89,Mild Toxicity
lungs,Drug B,19.78,32.09,87.37,7.259,82.69,3.44,9.27,78.31,71.02,81.51,84.08,Mild Toxicity
heart,Drug A,45.16,17.42,97.34,7.407,97.62,0.86,1.52,62.15,87.24,107.88,95.67,Normal
heart,Drug B,35.82,35.56,76.78,7.011,64.6,5.18,17.52,101.96,71.55,74.12,69.8,Severe Toxicity
kidney,Drug B,48.82,19.41,79.82,7.151,75.85,4.0,12.66,95.87,65.98,74.64,77.16,Mild Toxicity
heart,Drug C,3.05,34.33,92.12,7.342,90.53,2.23,5.26,68.74,85.28,93.46,88.97,Normal
lungs,Drug A,14.7,28.73,96.41,7.423,99.62,1.03,1.55,77.67,88.96,95.16,97.51,Normal
liver,Drug B,36.89,6.01,93.68,7.357,91.67,1.84,4.22,71.95,91.83,105.0,91.31,Normal
heart,Drug A,31.39,1.81,94.88,7.384,97.35,1.0,1.66,60.03,90.41,108.73,93.49,Normal
heart,Drug B,18.41,18.3,92.34,7.308,83.98,2.36,5.99,75.46,87.63,91.77,83.17,Normal
liver,Drug A,23.58,28.31,96.12,7.405,96.86,0.99,0.66,70.06,89.21,120.89,99.19,Normal
heart,Drug A,30.07,16.18,97.66,7.333,99.27,1.0,1.97,72.17,89.94,105.86,100.29,Normal
heart,Drug A,42.37,24.12,96.43,7.456,99.69,0.91,1.03,72.77,90.97,97.3,100.54,Normal
heart,Drug B,57.22,32.73,62.98,6.943,50.06,6.6,24.76,109.74,53.76,52.44,71.96,Severe Toxicity
kidney,Drug C,29.46,6.61,87.16,7.325,87.58,2.29,7.07,81.52,82.1,88.48,89.04,Normal
lungs,Drug C,13.14,23.01,85.99,7.273,81.01,3.5,10.14,87.26,73.55,84.95,82.15,Mild Toxicity
kidney,Drug B,27.01,24.94,85.13,7.152,79.91,2.98,9.41,76.33,82.16,92.39,84.69,Mild Toxicity
heart,Drug C,57.05,27.88,32.84,6.66,6.55,12.0,50.66,30.5,8.0,8.0,24.63,Severe Toxicity
heart,Drug C,37.22,6.77,87.14,7.219,84.3,2.89,9.16,87.83,74.97,90.28,80.89,Mild Toxicity
liver,Drug C,27.78,29.58,62.81,6.977,45.7,7.34,26.58,104.96,50.0,56.54,51.47,Severe Toxicity
liver,Drug C,18.98,27.5,76.56,7.12,67.67,4.94,18.14,84.44,56.41,66.01,72.97,Mild Toxicity
liver,Drug A,29.25,22.17,98.85,7.397,97.26,1.07,1.31,77.76,95.4,112.29,101.05,Normal
lungs,Drug B,46.46,1.61,96.76,7.413,96.2,1.22,2.43,73.35,95.54,106.96,102.74,Normal
lungs,Drug C,23.95,33.94,64.27,6.974,51.43,7.09,26.06,115.33,46.14,60.09,60.49,Severe Toxicity
heart,Drug C,12.75,25.02,81.22,7.205,80.81,3.45,11.17,88.89,73.63,99.32,83.23,Mild Toxicity
lungs,Drug B,17.04,9.74,96.34,7.381,90.96,1.59,3.45,69.37,86.46,91.35,93.31,Normal
heart,Drug B,35.9,11.18,85.94,7.301,87.07,2.5,6.22,79.54,88.22,88.55,91.26,Mild Toxicity
liver,Drug B,32.53,22.39,84.31,7.184,79.25,3.23,11.24,85.42,82.99,95.95,84.22,Mild Toxicity
kidney,Drug A,48.36,18.73,99.49,7.425,98.87,0.78,1.96,74.57,91.06,115.21,101.9,Normal
liver,Drug C,28.37,6.15,91.0,7.32,86.0,2.39,7.34,85.37,84.21,91.42,87.58,Normal
kidney,Drug C,28.9,24.92,67.24,7.028,55.39,6.4,23.96,105.48,53.17,68.07,60.11,Severe Toxicity
lungs,Drug C,57.93,15.93,56.38,6.922,43.68,8.1,29.31,55.03,48.52,42.05,55.64,Severe Toxicity
kidney,Drug A,47.54,22.61,96.15,7.436,100.0,1.01,1.16,71.74,88.61,107.37,106.77,Normal
liver,Drug B,30.53,35.57,80.74,7.135,69.04,4.22,15.12,90.06,69.16,74.85,85.44,Mild Toxicity
lungs,Drug B,35.54,12.82,91.4,7.261,86.78,2.42,7.08,68.88,72.06,92.55,99.76,Normal
liver,Drug A,53.0,34.9,96.34,7.403,96.74,0.86,0.86,72.09,88.98,112.64,93.77,Normal
lungs,Drug C,46.52,9.49,78.77,7.189,72.48,4.56,15.34,93.32,65.94,88.26,67.77,Mild Toxicity
liver,Drug B,48.68,32.03,73.51,6.977,57.99,5.78,21.47,95.95,53.68,53.76,62.77,Severe Toxicity
heart,Drug A,54.11,16.11,96.67,7.457,100.0,1.36,1.09,66.58,90.94,110.94,97.03,Normal
liver,Drug B,52.29,21.63,79.72,7.044,68.06,4.5,16.17,96.6,65.15,75.83,78.1,Severe Toxicity
kidney,Drug A,24.36,19.2,97.1,7.475,95.9,1.14,2.01,75.41,88.88,106.73,87.64,Normal
heart,Drug A,58.54,28.34,96.05,7.415,95.01,0.86,1.61,77.08,93.94,103.05,100.32,Normal
heart,Drug C,13.62,2.24,97.04,7.386,95.12,1.5,2.55,71.1,93.88,112.49,93.07,Normal
lungs,Drug B,26.67,25.55,86.86,7.249,82.04,3.08,9.73,87.95,78.92,82.24,80.61,Mild Toxicity
kidney,Drug A,11.6,4.43,94.77,7.471,97.29,1.19,1.23,74.06,95.31,107.81,85.46,Normal
heart,Drug C,23.55,23.72,70.35,7.169,70.01,5.55,18.61,93.29,60.66,74.12,69.9,Mild Toxicity
kidney,Drug C,6.56,18.52,94.52,7.271,90.84,2.19,5.68,81.64,90.51,93.09,95.51,Normal
kidney,Drug B,18.64,3.17,95.47,7.414,95.73,1.02,1.76,77.8,94.29,116.53,89.81,Normal
lungs,Drug A,52.04,10.96,95.41,7.471,97.5,1.36,1.69,68.32,91.63,113.94,110.95,Normal
liver,Drug B,17.07,31.64,88.44,7.31,81.86,2.43,8.21,82.98,89.43,100.5,92.28,Mild Toxicity
lungs,Drug B,4.57,30.05,97.49,7.397,97.09,1.35,3.12,79.57,87.41,86.43,109.11,Normal
liver,Drug B,58.08,2.88,95.84,7.378,93.46,1.3,3.13,77.93,90.6,112.33,101.05,Normal
liver,Drug C,11.9,16.19,88.21,7.295,85.29,2.39,7.19,82.75,75.89,91.16,90.13,Normal
lungs,Drug B,42.75,15.98,84.63,7.273,81.53,2.93,10.2,94.12,75.23,83.07,80.11,Mild Toxicity
heart,Drug C,34.21,34.15,51.27,6.74,28.16,9.87,37.67,43.44,29.34,53.67,43.29,Severe Toxicity
heart,Drug B,21.54,9.35,93.58,7.379,93.26,1.64,3.79,63.35,87.31,95.46,93.88,Normal
kidney,Drug A,54.09,1.19,94.29,7.415,99.63,1.03,1.19,69.87,92.91,107.16,93.4,Normal
kidney,Drug B,9.19,25.46,92.88,7.29,91.69,1.44,4.44,84.31,87.01,102.37,88.42,Normal
kidney,Drug B,37.55,32.0,75.48,7.06,70.33,4.63,16.53,87.73,68.14,56.76,74.34,Mild Toxicity
kidney,Drug C,6.4,26.33,91.98,7.314,86.91,2.31,6.41,77.18,77.85,102.81,95.82,Normal
lungs,Drug A,39.86,5.68,94.15,7.378,99.5,1.1,1.46,75.34,84.36,123.94,89.53,Normal
kidney,Drug C,59.61,12.29,67.2,7.002,49.65,6.54,24.0,109.44,51.24,50.39,68.04,Severe Toxicity
kidney,Drug A,54.26,24.48,94.29,7.36,100.0,0.84,1.53,62.94,94.61,102.75,94.23,Normal
liver,Drug C,51.74,6.07,84.72,7.194,75.46,3.66,10.72,85.3,72.16,85.09,85.63,Mild Toxicity
liver,Drug B,31.63,28.07,79.71,7.21,73.16,3.52,13.04,89.17,62.91,73.36,88.29,Mild Toxicity
liver,Drug A,39.99,6.1,93.9,7.42,96.9,1.0,1.41,73.62,87.21,98.17,99.09,Normal
kidney,Drug B,23.13,15.15,89.3,7.341,85.38,2.17,5.19,72.82,85.97,104.71,94.01,Normal
heart,Drug B,47.32,8.22,92.4,7.29,90.55,2.21,6.59,76.75,83.64,90.67,81.02,Normal
lungs,Drug B,36.37,11.77,87.08,7.247,86.23,2.7,6.71,72.67,85.04,101.8,79.32,Mild Toxicity
lungs,Drug C,18.76,6.34,91.16,7.35,95.82,2.03,4.85,79.23,83.69,100.73,85.93,Normal
heart,Drug B,45.77,1.42,98.93,7.366,97.91,1.23,2.5,68.4,92.07,105.39,103.31,Normal
kidney,Drug C,12.93,26.07,84.04,7.225,78.02,3.57,12.05,86.76,81.76,88.19,76.18,Mild Toxicity
heart,Drug C,57.93,17.33,61.22,6.89,40.04,8.61,32.23,42.33,43.53,34.83,59.68,Severe Toxicity
lungs,Drug B,27.59,10.34,89.45,7.398,90.87,1.84,5.03,77.16,87.95,99.01,89.75,Normal
liver,Drug C,15.87,12.19,89.25,7.341,82.78,2.47,8.03,99.05,85.26,101.73,90.06,Mild Toxicity
lungs,Drug A,4.82,22.71,96.54,7.411,99.17,1.09,0.84,71.06,97.38,96.84,100.86,Normal
lungs,Drug B,28.51,10.81,91.41,7.245,89.86,1.77,5.12,78.04,84.03,94.06,90.91,Mild Toxicity
lungs,Drug C,13.06,13.22,90.11,7.282,86.38,2.28,6.45,81.88,80.98,95.07,89.59,Normal
kidney,Drug A,27.02,19.32,98.03,7.422,99.72,1.37,1.18,66.12,90.98,106.63,91.62,Normal
liver,Drug C,15.14,33.93,80.65,7.133,68.68,4.74,17.72,89.46,64.23,74.53,70.95,Mild Toxicity
heart,Drug A,51.71,13.68,96.19,7.38,97.53,1.32,1.9,64.06,90.12,106.78,91.19,Normal
lungs,Drug A,24.69,2.89,97.42,7.424,96.0,1.48,1.35,74.94,94.36,109.42,97.3,Normal
lungs,Drug A,52.33,18.69,95.57,7.372,99.09,1.22,1.53,68.15,92.47,99.62,89.99,Normal
lungs,Drug A,54.7,14.6,99.11,7.441,97.6,0.77,2.08,71.96,89.65,104.67,88.7,Normal
kidney,Drug C,9.32,14.74,93.11,7.327,94.01,1.91,5.44,86.82,85.17,99.83,79.07,Normal
liver,Drug B,10.47,15.84,94.67,7.264,96.59,1.39,3.04,79.91,83.58,105.71,92.35,Normal
lungs,Drug B,43.51,7.97,94.19,7.276,88.98,2.15,5.68,74.34,81.93,99.5,85.89,Normal
kidney,Drug C,10.8,14.58,94.25,7.389,90.36,2.54,6.54,74.85,82.11,100.43,86.4,Normal
kidney,Drug B,6.08,3.84,99.79,7.39,97.12,0.95,1.54,84.19,88.82,108.92,100.45,Normal
kidney,Drug B,2.72,7.09,96.41,7.347,97.11,1.08,0.97,72.26,83.57,106.39,96.68,Normal
kidney,Drug B,20.99,12.61,89.81,7.314,92.71,1.6,5.34,76.65,85.46,104.21,85.37,Normal
kidney,Drug C,37.35,18.51,68.69,7.133,57.17,6.28,23.0,102.04,56.51,49.82,69.94,Severe Toxicity
kidney,Drug B,6.95,5.41,94.06,7.342,99.23,1.38,2.5,73.26,87.91,104.94,99.06,Normal
kidney,Drug A,18.15,5.83,95.22,7.418,95.1,1.11,1.36,69.21,91.61,106.26,86.12,Normal
lungs,Drug A,38.48,23.94,96.72,7.369,99.0,0.97,1.65,63.79,97.49,96.39,94.59,Normal
lungs,Drug C,32.92,17.37,72.77,7.098,64.32,5.41,18.26,98.24,60.43,68.2,74.67,Mild Toxicity
heart,Drug C,37.98,16.69,74.35,7.004,59.22,6.02,21.13,93.14,56.6,77.63,62.55,Severe Toxicity
heart,Drug A,32.82,7.01,99.08,7.421,99.65,0.84,2.19,65.71,90.44,105.79,87.08,Normal
lungs,Drug B,46.98,12.31,87.21,7.222,84.53,2.83,9.25,86.93,72.87,93.15,84.07,Mild Toxicity
heart,Drug C,44.13,19.47,64.66,6.954,48.49,7.42,27.75,108.15,44.82,50.64,67.94,Severe Toxicity
heart,Drug A,39.73,32.13,94.84,7.4,97.01,0.9,1.48,64.95,91.42,112.74,82.92,Normal
heart,Drug B,48.98,16.73,84.74,7.134,76.97,3.43,11.68,88.76,73.4,73.37,84.86,Mild Toxicity
kidney,Drug A,44.52,8.54,98.3,7.37,100.0,1.44,1.38,69.56,92.61,100.69,97.0,Normal
heart,Drug A,30.28,29.74,96.83,7.402,96.8,0.96,0.97,66.68,84.4,104.57,93.26,Normal
liver,Drug A,42.73,18.83,93.81,7.382,99.22,0.79,1.01,71.97,93.78,120.01,90.35,Normal
liver,Drug A,57.3,11.17,97.37,7.398,100.0,1.07,1.15,75.36,93.1,102.1,92.07,Normal
heart,Drug B,6.78,11.57,95.62,7.422,99.52,1.39,1.76,78.79,91.08,98.42,91.88,Normal
kidney,Drug C,18.16,17.41,84.43,7.253,85.14,3.36,11.54,77.83,76.55,87.46,83.56,Mild Toxicity
heart,Drug B,24.77,26.82,85.87,7.301,80.74,2.94,9.73,82.29,77.41,89.66,90.67,Mild Toxicity
kidney,Drug C,47.13,27.9,47.63,6.679,16.08,10.98,41.39,35.32,25.6,10.39,33.33,Severe Toxicity
lungs,Drug B,20.78,10.85,93.59,7.352,93.65,1.9,4.3,71.73,89.03,96.9,76.31,Normal
kidney,Drug B,13.56,16.57,95.23,7.394,94.03,1.91,4.23,68.26,88.94,94.88,88.27,Normal
kidney,Drug A,28.87,27.06,96.45,7.398,96.71,1.12,1.88,63.4,91.76,108.42,91.12,Normal
liver,Drug A,22.02,9.88,98.89,7.351,96.7,0.95,1.34,69.04,93.67,98.93,97.39,Normal
liver,Drug C,7.76,9.53,90.65,7.344,93.79,1.59,3.86,66.95,83.89,99.48,95.16,Normal
liver,Drug B,10.59,33.5,93.14,7.366,91.23,2.03,5.51,70.66,86.03,104.6,85.23,Normal
liver,Drug B,5.03,12.57,97.02,7.368,95.02,1.27,1.79,67.87,87.06,118.77,93.28,Normal
heart,Drug C,4.84,20.55,91.04,7.329,93.33,1.47,4.38,75.91,93.33,98.15,91.62,Normal
kidney,Drug C,19.02,19.55,83.91,7.212,75.47,3.79,13.08,92.0,74.2,96.95,80.93,Mild Toxicity
liver,Drug B,25.87,33.54,80.66,7.18,76.6,3.57,12.01,93.55,80.99,86.68,82.57,Mild Toxicity
lungs,Drug A,37.6,31.88,96.93,7.411,100.0,1.0,1.74,70.8,94.0,112.29,109.97,Normal
kidney,Drug C,20.7,9.28,93.24,7.367,85.34,2.29,7.34,69.89,81.68,91.4,82.4,Normal
lungs,Drug A,3.29,18.76,96.97,7.361,100.0,1.37,1.86,78.76,91.02,114.5,95.8,Normal
kidney,Drug B,29.47,26.98,87.34,7.202,76.41,3.26,11.22,79.86,71.68,82.63,76.22,Mild Toxicity
kidney,Drug A,33.01,33.07,99.85,7.387,100.0,0.86,1.32,70.5,95.99,105.75,101.43,Normal
lungs,Drug A,40.85,18.5,96.8,7.427,95.86,0.8,0.94,73.79,94.41,105.85,96.77,Normal
liver,Drug A,50.7,20.06,96.0,7.434,100.0,0.65,2.13,74.05,91.61,104.64,95.56,Normal
heart,Drug C,27.7,22.27,77.12,7.093,61.49,5.36,19.83,98.42,58.52,60.37,83.6,Mild Toxicity
liver,Drug B,8.26,26.23,95.63,7.328,87.38,1.87,4.61,71.96,85.54,92.23,88.96,Normal
heart,Drug C,22.3,1.08,93.68,7.408,95.84,1.48,2.37,72.75,93.54,117.05,95.46,Normal
kidney,Drug B,44.27,13.48,86.51,7.277,83.66,2.5,8.41,90.52,77.66,84.89,77.71,Mild Toxicity
kidney,Drug C,21.79,29.01,71.63,7.052,60.62,5.63,21.01,97.98,54.63,59.44,69.48,Mild Toxicity
kidney,Drug B,34.63,5.35,95.21,7.349,91.42,1.53,4.01,76.11,81.82,101.59,89.64,Normal
kidney,Drug A,44.77,28.19,98.93,7.437,97.44,1.2,1.13,73.86,90.26,102.53,92.37,Normal
kidney,Drug C,11.48,30.75,82.56,7.251,79.17,3.59,12.67,96.6,72.24,77.78,77.88,Mild Toxicity
liver,Drug A,22.56,14.12,97.58,7.416,99.54,0.95,1.25,68.28,93.53,97.62,99.24,Normal
lungs,Drug B,50.06,7.57,91.47,7.282,85.84,2.15,7.36,73.99,87.52,79.89,85.37,Normal
heart,Drug A,8.4,24.42,93.27,7.389,97.43,0.74,0.68,69.38,87.68,116.2,100.37,Normal
kidney,Drug B,42.41,2.63,93.7,7.343,96.35,1.43,2.36,76.43,90.69,105.89,97.84,Normal
lungs,Drug A,34.73,11.89,96.47,7.4,96.09,1.09,1.87,69.5,89.63,100.0,94.54,Normal
lungs,Drug C,58.05,32.17,26.97,6.6,5.0,12.0,58.47,20.0,8.0,8.0,23.59,Severe Toxicity
liver,Drug C,40.25,21.65,62.43,6.906,44.45,7.68,28.02,40.41,49.41,43.64,74.5,Severe Toxicity
lungs,Drug C,47.42,22.51,52.31,6.865,34.97,9.27,34.67,42.51,33.37,28.37,48.45,Severe Toxicity
heart,Drug B,38.8,1.96,95.38,7.354,97.07,1.33,2.2,69.72,90.49,101.87,107.28,Normal
heart,Drug C,48.01,31.42,36.27,6.667,10.77,12.0,48.29,25.13,10.18,8.0,39.01,Severe Toxicity
kidney,Drug A,53.09,14.9,93.22,7.422,100.0,1.29,1.91,76.62,91.31,88.71,95.87,Normal
liver,Drug A,19.48,12.43,94.62,7.415,98.97,1.14,1.39,66.21,89.78,108.4,96.75,Normal
lungs,Drug B,5.17,18.49,98.8,7.348,94.71,1.51,2.33,86.21,87.06,115.74,96.23,Normal
kidney,Drug A,11.46,10.24,96.18,7.377,100.0,1.06,1.29,72.67,96.1,110.05,94.1,Normal
kidney,Drug B,15.46,5.46,93.99,7.344,93.22,1.26,2.76,65.67,90.54,101.73,92.2,Normal
heart,Drug A,17.18,4.53,99.96,7.472,95.55,0.79,1.53,65.67,97.53,112.22,101.86,Normal
kidney,Drug C,59.09,11.39,67.18,7.088,56.13,6.08,22.55,98.31,58.14,56.26,73.72,Severe Toxicity
liver,Drug B,10.32,14.53,97.79,7.397,90.85,1.36,3.44,76.81,85.11,103.33,83.86,Normal
liver,Drug B,32.05,2.47,94.17,7.341,96.25,1.41,2.14,73.52,81.83,115.86,98.72,Normal
lungs,Drug B,37.63,25.35,79.63,7.246,77.52,4.0,13.04,85.05,72.94,78.9,96.34,Mild Toxicity
lungs,Drug C,14.47,1.24,97.97,7.35,93.38,1.15,1.62,70.36,88.02,118.68,98.6,Normal
liver,Drug A,57.33,17.91,92.78,7.376,98.59,1.0,1.31,63.6,93.26,107.35,84.13,Normal
kidney,Drug A,33.16,3.25,96.63,7.407,100.0,1.67,1.03,77.07,94.35,103.98,99.18,Normal
heart,Drug A,5.55,31.47,98.31,7.481,96.54,0.6,1.52,68.03,94.83,111.43,88.81,Normal
liver,Drug B,15.77,24.86,89.49,7.298,88.12,2.43,6.33,74.07,79.77,94.06,88.42,Normal
liver,Drug B,34.08,31.64,74.35,7.169,70.75,4.5,15.25,86.04,67.67,86.15,81.28,Mild Toxicity
heart,Drug B,40.4,14.2,90.43,7.298,81.61,2.72,8.72,85.92,79.48,99.37,86.1,Mild Toxicity
kidney,Drug B,15.7,6.23,95.84,7.428,93.28,1.29,2.67,65.57,89.02,101.58,93.92,Normal
heart,Drug B,57.83,4.18,89.06,7.38,91.54,1.77,4.52,75.55,90.31,102.56,89.78,Normal
heart,Drug A,15.41,2.48,97.25,7.312,100.0,1.12,1.12,73.83,92.14,106.89,82.42,Normal
kidney,Drug A,22.98,7.5,95.79,7.437,99.26,0.95,2.64,71.9,95.58,112.32,92.58,Normal
heart,Drug A,11.97,10.51,96.11,7.426,99.32,0.83,1.84,69.9,94.22,114.59,85.27,Normal
heart,Drug A,24.67,20.57,96.63,7.338,98.02,1.26,1.62,71.64,92.56,99.4,95.61,Normal
heart,Drug C,31.41,16.04,80.56,7.158,68.54,4.66,17.1,99.4,73.53,70.63,80.59,Mild Toxicity
heart,Drug B,14.01,3.04,98.46,7.362,93.04,1.01,2.1,71.25,90.94,112.44,98.85,Normal
heart,Drug B,50.76,34.54,67.47,6.977,55.36,6.46,23.05,110.97,52.15,49.38,66.73,Severe Toxicity
heart,Drug A,5.41,35.94,94.12,7.424,95.89,1.34,1.97,69.45,95.68,118.93,97.69,Normal
lungs,Drug C,57.66,23.18,46.18,6.696,20.64,10.76,42.86,33.82,25.25,13.52,48.93,Severe Toxicity
liver,Drug B,15.85,17.71,88.8,7.335,90.61,2.07,5.64,73.04,87.63,108.29,97.44,Normal
heart,Drug C,50.24,14.89,67.33,6.936,56.86,6.37,24.69,97.95,53.96,62.57,71.56,Severe Toxicity
liver,Drug B,24.91,10.48,96.62,7.362,84.94,1.84,4.54,82.46,88.29,100.49,99.58,Normal
kidney,Drug B,7.36,9.46,95.61,7.462,93.21,1.39,2.32,82.96,91.48,114.2,98.53,Normal
lungs,Drug A,25.2,20.14,98.72,7.488,100.0,1.0,2.17,74.11,95.2,111.0,104.97,Normal
heart,Drug B,47.96,20.91,80.47,7.178,70.72,4.19,14.67,88.82,76.04,62.32,75.84,Mild Toxicity
lungs,Drug A,34.05,27.42,95.28,7.442,100.0,1.3,2.36,67.42,98.34,101.47,92.67,Normal
liver,Drug A,27.35,26.83,96.9,7.408,99.1,1.08,1.16,76.26,92.44,106.39,90.79,Normal
lungs,Drug C,32.16,4.03,94.12,7.335,90.34,2.17,5.06,85.68,86.48,89.36,99.65,Normal
liver,Drug A,48.15,8.06,99.5,7.408,95.88,0.98,1.25,71.27,88.53,117.44,101.87,Normal
liver,Drug C,2.14,17.02,96.43,7.367,95.95,1.47,2.8,70.81,85.11,115.85,97.67,Normal
lungs,Drug B,12.1,23.28,92.35,7.344,91.68,2.27,4.74,78.74,90.43,100.55,86.04,Normal
heart,Drug B,38.31,10.74,87.66,7.271,86.14,2.79,6.9,92.11,85.62,96.47,87.81,Normal
lungs,Drug C,21.51,17.09,81.11,7.14,75.24,3.98,13.02,79.46,77.69,77.89,81.02,Mild Toxicity
liver,Drug A,24.53,1.39,96.19,7.448,100.0,1.12,1.34,73.73,91.95,115.92,96.88,Normal
heart,Drug C,52.76,33.12,30.71,6.6,5.0,12.0,54.61,28.12,8.0,8.0,27.31,Severe Toxicity
lungs,Drug B,21.37,2.81,93.58,7.375,97.8,1.06,2.4,67.33,91.55,109.59,91.56,Normal
kidney,Drug A,42.43,13.2,97.52,7.395,97.65,1.03,1.25,56.6,95.03,113.94,89.12,Normal
kidney,Drug C,52.9,2.57,89.46,7.268,93.9,2.31,6.38,65.36,84.31,95.69,92.76,Normal
kidney,Drug B,45.43,8.59,90.2,7.293,86.55,2.39,6.79,85.89,82.2,95.56,91.85,Normal
liver,Drug C,28.13,30.36,62.32,6.918,49.54,7.3,28.75,106.0,47.22,44.11,65.96,Severe Toxicity
heart,Drug C,16.14,17.55,86.35,7.18,82.48,2.83,9.9,90.43,75.71,92.14,87.17,Mild Toxicity
kidney,Drug B,20.22,11.55,90.45,7.36,92.2,1.75,4.61,78.45,88.38,101.08,84.8,Normal
liver,Drug C,58.68,22.02,46.4,6.711,20.51,10.73,40.94,34.47,24.8,16.46,41.92,Severe Toxicity
kidney,Drug C,47.39,26.53,44.97,6.803,23.76,10.62,40.53,29.37,27.56,8.0,55.44,Severe Toxicity
lungs,Drug B,47.74,11.75,87.21,7.222,84.94,2.57,8.78,94.43,81.85,85.5,81.41,Mild Toxicity
lungs,Drug C,15.31,19.6,85.23,7.243,81.16,3.55,10.38,80.47,74.73,96.13,78.6,Mild Toxicity
lungs,Drug C,34.0,25.94,60.09,6.968,47.75,7.65,27.94,49.07,44.79,58.32,58.18,Severe Toxicity
heart,Drug C,39.77,21.94,65.1,6.918,46.01,7.22,27.66,58.91,48.37,64.89,56.35,Severe Toxicity
lungs,Drug A,28.68,7.83,99.02,7.388,100.0,1.44,1.23,70.06,94.37,108.11,106.34,Normal
lungs,Drug A,47.19,25.52,95.76,7.399,99.19,1.03,1.82,73.02,94.74,112.0,96.89,Normal
kidney,Drug B,4.64,19.59,94.44,7.437,97.51,1.73,3.07,62.13,95.9,102.64,87.14,Normal
heart,Drug C,31.29,13.2,78.63,7.158,71.84,3.98,14.23,83.13,69.33,85.6,73.08,Mild Toxicity
heart,Drug C,3.91,15.8,93.83,7.359,94.53,1.75,3.61,75.47,85.64,107.93,86.93,Normal
kidney,Drug C,8.51,15.54,90.52,7.301,93.89,2.19,5.74,78.44,86.8,96.49,96.21,Normal
kidney,Drug C,32.0,1.2,93.67,7.39,91.85,1.31,3.34,73.25,86.16,104.12,94.66,Normal
lungs,Drug A,27.57,32.28,96.37,7.397,100.0,1.17,1.43,73.0,94.32,122.33,87.65,Normal
lungs,Drug A,9.98,21.92,96.62,7.39,99.56,0.85,0.88,81.72,88.34,100.17,94.05,Normal
liver,Drug B,56.25,31.42,67.83,6.974,53.53,6.45,24.17,104.94,55.41,59.85,71.98,Severe Toxicity
heart,Drug A,11.95,30.61,98.96,7.445,97.34,1.37,1.15,75.08,91.56,111.67,94.61,Normal
heart,Drug A,14.91,28.16,93.82,7.412,99.54,0.71,1.26,67.93,97.65,118.9,98.89,Normal
heart,Drug A,32.29,3.04,99.08,7.472,99.95,1.07,1.86,69.2,88.92,111.15,89.25,Normal
lungs,Drug A,52.86,10.92,99.65,7.366,96.87,0.92,1.45,71.65,95.7,100.43,93.01,Normal
liver,Drug B,3.48,26.29,96.81,7.392,97.84,1.15,3.37,68.62,86.53,121.43,101.14,Normal
liver,Drug C,30.62,7.01,88.78,7.278,88.75,2.68,8.68,86.58,79.13,92.13,81.5,Mild Toxicity
heart,Drug C,43.04,9.9,76.0,7.193,74.64,4.21,14.35,81.41,68.94,89.72,79.51,Mild Toxicity
liver,Drug A,21.64,24.08,98.48,7.46,98.35,1.12,1.67,82.55,97.31,102.24,96.66,Normal
lungs,Drug C,4.86,16.87,94.86,7.377,93.08,1.69,3.52,81.17,87.21,94.27,80.78,Normal
heart,Drug B,14.34,28.84,91.02,7.312,90.13,2.65,6.85,90.46,87.12,89.91,81.96,Normal
heart,Drug C,54.94,2.19,89.72,7.313,91.49,1.68,5.09,79.94,88.08,98.64,97.62,Normal
kidney,Drug B,34.73,2.97,93.76,7.426,97.61,1.8,2.95,76.35,87.95,98.36,91.35,Normal
kidney,Drug A,38.48,6.15,95.69,7.351,95.69,0.94,0.95,74.47,88.65,110.27,92.86,Normal
heart,Drug C,47.91,22.01,56.63,6.85,35.89,8.84,33.46,41.02,45.68,28.62,55.77,Severe Toxicity
heart,Drug B,47.27,8.62,89.81,7.271,86.36,2.08,6.29,79.96,79.75,110.22,89.03,Normal
lungs,Drug B,20.27,11.97,95.84,7.318,93.08,2.01,4.57,72.12,82.96,106.51,93.23,Normal
kidney,Drug C,19.07,21.35,78.73,7.195,78.97,4.1,14.08,79.8,70.7,82.98,81.28,Mild Toxicity
liver,Drug A,45.55,3.34,95.92,7.399,99.84,0.96,1.19,77.16,86.92,104.75,95.83,Normal
liver,Drug A,44.05,18.92,99.71,7.399,99.63,1.28,0.76,70.06,95.41,101.48,96.06,Normal
heart,Drug B,33.5,26.68,82.19,7.139,76.06,3.52,12.46,83.7,70.25,82.52,71.48,Mild Toxicity
kidney,Drug A,37.92,8.17,97.55,7.333,95.83,0.84,1.38,71.4,88.28,101.66,92.97,Normal
lungs,Drug A,40.82,11.16,99.23,7.437,94.87,1.08,1.77,74.47,95.71,115.68,93.51,Normal
liver,Drug A,52.31,10.59,99.52,7.411,100.0,0.79,1.54,68.51,92.59,117.5,85.7,Normal
lungs,Drug A,24.39,6.77,96.68,7.478,100.0,0.63,1.31,59.9,87.0,115.3,90.27,Normal
heart,Drug A,33.48,1.52,98.14,7.366,98.13,0.95,1.32,70.06,93.23,115.13,103.6,Normal
liver,Drug A,54.58,13.05,95.98,7.346,94.62,1.1,1.87,75.69,92.72,119.59,85.94,Normal
kidney,Drug A,53.1,2.51,97.72,7.445,98.32,1.25,1.36,66.91,91.25,108.77,98.57,Normal
heart,Drug B,22.42,32.37,83.96,7.275,77.54,3.31,10.92,86.47,72.28,83.2,76.77,Mild Toxicity
liver,Drug A,20.94,4.0,100.0,7.415,99.48,0.9,1.23,70.27,89.42,108.64,100.31,Normal
liver,Drug C,7.55,34.11,86.54,7.225,79.74,3.02,10.18,72.97,80.49,93.98,82.32,Mild Toxicity
lungs,Drug B,39.76,24.83,82.13,7.154,74.9,4.11,14.42,96.7,71.41,70.56,76.05,Mild Toxicity
kidney,Drug B,19.89,35.69,82.45,7.214,81.76,2.87,10.82,78.06,73.31,101.88,82.45,Mild Toxicity
lungs,Drug A,4.05,13.23,95.27,7.364,96.07,0.74,1.1,73.72,90.03,116.48,103.63,Normal
lungs,Drug A,14.1,11.67,97.05,7.415,98.02,0.6,1.45,77.79,98.76,100.59,95.61,Normal
lungs,Drug A,25.81,13.09,99.67,7.375,99.15,1.13,2.27,78.88,91.95,99.9,92.61,Normal
liver,Drug C,39.23,7.36,84.62,7.287,78.02,2.86,11.27,85.98,75.24,90.76,86.25,Mild Toxicity
kidney,Drug C,9.29,10.83,91.84,7.332,92.17,1.83,5.56,76.29,85.66,98.21,95.46,Normal
lungs,Drug A,36.96,35.16,95.06,7.327,97.05,1.45,1.52,62.17,97.81,99.66,87.62,Normal
kidney,Drug A,40.37,33.4,97.14,7.375,99.71,0.91,1.09,72.47,88.08,120.6,90.23,Normal
liver,Drug B,22.62,2.79,97.09,7.394,96.49,1.09,2.49,79.2,91.94,104.28,103.2,Normal
kidney,Drug A,41.15,5.15,100.0,7.388,98.97,1.48,1.29,69.02,89.08,106.57,82.95,Normal
liver,Drug B,41.84,2.58,92.98,7.385,94.69,1.6,2.32,77.47,90.51,122.54,86.51,Normal
liver,Drug C,29.89,15.66,78.36,7.121,69.14,4.71,16.03,90.68,60.54,71.71,74.81,Mild Toxicity
liver,Drug C,57.0,25.33,39.66,6.606,13.87,11.78,45.24,42.91,20.49,15.23,26.14,Severe Toxicity
liver,Drug B,59.26,14.07,85.09,7.139,79.16,3.58,12.27,94.97,76.43,77.04,83.94,Mild Toxicity
lungs,Drug A,26.78,11.09,96.56,7.413,98.33,1.07,1.76,79.06,97.25,108.78,94.15,Normal
lungs,Drug A,50.75,34.2,95.83,7.415,98.16,1.08,1.95,75.35,97.09,108.78,93.31,Normal
lungs,Drug B,38.01,31.2,78.23,7.098,69.52,4.6,16.1,101.6,61.35,62.42,68.22,Mild Toxicity
liver,Drug A,14.13,1.41,98.42,7.358,97.26,1.14,1.53,73.35,91.95,114.7,93.17,Normal
lungs,Drug A,37.73,11.42,96.16,7.413,99.99,0.89,1.24,65.22,93.67,98.81,91.6,Normal
liver,Drug B,14.09,34.87,87.95,7.22,83.87,2.86,7.22,89.94,77.15,108.29,80.49,Mild Toxicity
liver,Drug B,14.19,1.11,96.95,7.474,99.11,0.89,2.12,75.87,92.3,97.14,94.12,Normal
liver,Drug A,19.63,19.16,96.11,7.376,98.44,1.18,1.33,80.73,92.95,109.38,90.87,Normal
heart,Drug C,26.57,18.76,77.22,7.104,67.73,4.87,16.97,90.06,67.97,76.7,65.16,Mild Toxicity
kidney,Drug A,14.08,25.52,94.26,7.43,99.34,0.93,1.38,72.45,92.1,115.41,89.78,Normal
kidney,Drug A,23.23,22.39,96.6,7.393,96.44,1.42,1.46,74.91,93.59,113.36,90.97,Normal
heart,Drug A,37.78,28.76,99.04,7.428,100.0,0.9,1.26,68.29,92.79,109.31,92.62,Normal
lungs,Drug A,7.29,7.97,98.14,7.418,95.21,1.16,1.76,73.36,93.55,99.57,92.76,Normal
kidney,Drug B,48.67,10.06,87.47,7.262,88.21,2.77,8.06,83.96,78.96,96.55,94.91,Mild Toxicity
kidney,Drug C,12.17,10.64,89.9,7.285,91.57,2.47,5.42,79.67,83.19,83.7,85.77,Normal
lungs,Drug A,44.74,18.59,95.41,7.407,96.64,1.12,1.54,72.41,92.39,117.3,98.84,Normal
lungs,Drug C,12.63,15.9,91.22,7.343,86.56,2.27,6.74,83.11,85.73,97.73,77.5,Normal
liver,Drug B,6.1,7.21,98.03,7.416,94.02,1.35,1.86,82.49,87.1,110.4,92.4,Normal
heart,Drug A,9.28,6.21,94.16,7.378,97.65,0.67,1.39,71.22,88.87,117.02,92.16,Normal
kidney,Drug A,57.79,8.84,97.86,7.429,100.0,1.12,1.67,67.86,89.47,96.63,83.76,Normal
liver,Drug A,48.64,23.91,97.88,7.438,98.82,0.94,1.48,75.24,90.93,115.79,87.16,Normal
heart,Drug B,41.17,12.2,87.95,7.307,80.7,2.4,7.38,73.97,82.5,93.36,94.97,Mild Toxicity
lungs,Drug C,28.79,12.13,84.07,7.231,78.26,3.66,11.85,85.91,69.8,77.46,88.52,Mild Toxicity
heart,Drug A,28.66,13.3,97.94,7.354,98.33,1.38,1.58,69.39,86.76,97.75,97.23,Normal
liver,Drug A,24.53,27.72,97.04,7.398,100.0,0.99,2.13,71.55,92.47,99.17,101.62,Normal
heart,Drug A,9.31,1.75,97.0,7.366,98.12,0.99,1.84,62.25,93.11,105.52,103.49,Normal
liver,Drug A,46.47,26.51,96.28,7.385,98.18,0.82,1.5,76.47,94.88,109.15,96.25,Normal
liver,Drug A,47.37,8.5,96.51,7.434,96.91,1.31,2.34,73.14,94.4,105.12,92.3,Normal
lungs,Drug B,40.64,4.83,95.39,7.397,93.92,1.51,3.98,75.68,89.92,100.66,101.51,Normal
liver,Drug C,9.0,22.42,90.45,7.289,81.04,2.62,7.95,76.81,85.65,105.02,81.91,Mild Toxicity
liver,Drug A,25.76,31.85,97.72,7.474,98.95,0.94,1.86,66.63,90.27,103.34,90.62,Normal
heart,Drug A,45.78,13.52,96.38,7.406,97.51,1.09,1.49,71.06,92.96,106.45,95.74,Normal
heart,Drug C,2.78,29.35,92.28,7.353,87.8,2.0,3.9,77.23,90.52,89.09,93.04,Normal
lungs,Drug A,8.53,22.89,93.24,7.457,97.41,0.86,1.28,77.12,91.29,112.25,91.23,Normal
heart,Drug A,42.52,10.18,97.68,7.486,97.98,0.95,1.54,67.56,97.23,111.47,95.97,Normal
kidney,Drug A,42.89,11.13,100.0,7.388,96.16,1.09,1.96,84.63,96.15,107.61,101.24,Normal
heart,Drug B,30.64,19.49,85.66,7.243,82.05,2.63,8.99,84.7,74.27,89.97,81.25,Mild Toxicity
kidney,Drug A,48.16,21.4,94.32,7.339,93.45,0.91,1.35,74.19,95.27,111.84,98.66,Normal
lungs,Drug B,33.65,4.87,95.45,7.339,92.02,1.6,3.87,82.97,92.43,105.73,94.84,Normal
heart,Drug B,24.64,34.03,80.63,7.18,76.91,3.4,12.29,83.74,72.5,93.29,74.93,Mild Toxicity
heart,Drug B,16.66,19.4,92.35,7.378,90.83,2.18,5.73,83.42,83.41,115.87,88.85,Normal
kidney,Drug B,27.21,19.08,88.28,7.227,86.14,2.61,7.78,85.96,81.79,78.41,82.83,Mild Toxicity
heart,Drug B,30.48,16.82,88.46,7.308,85.83,2.71,7.9,88.68,81.29,85.12,81.0,Normal
heart,Drug A,59.87,25.04,96.53,7.434,94.67,1.38,1.31,72.52,88.01,113.2,92.1,Normal
liver,Drug A,40.09,29.5,97.74,7.394,93.8,0.83,1.21,70.72,92.85,113.32,91.59,Normal
heart,Drug A,52.62,17.63,94.85,7.369,98.18,1.04,1.61,77.5,97.85,123.58,100.41,Normal
heart,Drug A,41.81,32.35,92.66,7.371,99.98,1.08,1.58,68.83,95.34,108.5,100.43,Normal
kidney,Drug B,53.82,16.81,80.44,7.12,77.78,3.86,12.82,93.17,73.81,89.79,82.86,Mild Toxicity
kidney,Drug A,10.89,32.35,96.67,7.331,94.63,1.31,1.34,74.74,93.16,117.24,85.66,Normal
heart,Drug A,52.68,29.93,100.0,7.379,98.23,1.54,2.32,80.13,94.1,110.33,92.28,Normal
lungs,Drug C,53.75,4.04,93.33,7.257,87.17,2.62,8.53,81.33,79.86,84.49,81.12,Mild Toxicity
lungs,Drug A,3.15,34.1,97.78,7.343,98.22,1.14,1.47,72.34,99.06,111.48,93.06,Normal
kidney,Drug C,30.13,24.29,68.0,6.991,53.61,6.54,24.0,106.47,52.67,56.41,74.26,Severe Toxicity
liver,Drug C,28.36,28.83,65.73,6.979,48.77,7.24,26.26,102.81,46.3,52.74,66.97,Severe Toxicity
lungs,Drug A,48.9,20.85,97.58,7.383,98.88,1.34,1.43,64.72,87.49,115.3,87.8,Normal
lungs,Drug B,56.31,32.22,63.37,7.044,56.13,6.54,24.59,114.39,51.66,56.39,64.47,Severe Toxicity
lungs,Drug A,31.21,31.58,97.47,7.413,99.67,0.97,1.9,69.07,94.37,99.71,98.94,Normal
lungs,Drug C,21.16,25.64,77.64,7.152,63.75,5.54,17.54,96.39,65.95,70.13,78.59,Mild Toxicity
liver,Drug A,9.02,31.58,98.18,7.396,97.64,1.49,1.66,78.89,92.8,123.17,84.9,Normal
heart,Drug A,42.07,26.13,99.78,7.406,95.45,0.96,1.53,77.39,86.32,112.35,86.3,Normal
lungs,Drug A,11.11,31.37,94.05,7.351,99.51,1.04,1.52,66.43,94.69,104.91,90.75,Normal
heart,Drug A,49.7,3.89,97.71,7.387,99.61,1.07,1.76,66.3,91.28,115.19,94.51,Normal
liver,Drug A,2.58,9.09,94.25,7.488,95.25,1.4,1.87,71.93,95.12,116.29,106.93,Normal
kidney,Drug B,38.01,12.15,93.05,7.259,86.84,2.67,7.76,84.08,84.62,89.36,97.35,Normal
lungs,Drug C,12.09,20.65,88.97,7.237,82.78,2.84,8.76,82.75,80.81,98.06,89.22,Mild Toxicity
liver,Drug A,57.65,31.27,95.65,7.495,98.3,1.33,2.02,66.56,90.33,111.75,102.71,Normal
lungs,Drug A,9.38,14.16,98.26,7.429,100.0,1.0,1.15,74.69,93.07,105.7,94.1,Normal
kidney,Drug A,17.69,20.22,96.5,7.416,99.04,1.05,2.08,69.83,94.33,109.81,103.41,Normal
lungs,Drug B,26.43,26.56,86.42,7.195,83.41,3.2,10.68,92.23,78.3,84.75,80.95,Mild Toxicity
kidney,Drug B,54.34,1.15,99.97,7.316,95.58,1.41,2.45,83.27,88.5,111.4,87.23,Normal
liver,Drug A,47.31,2.65,98.08,7.406,99.17,1.25,1.45,74.67,90.13,99.75,106.89,Normal
heart,Drug A,52.8,2.92,100.0,7.424,97.83,0.93,1.04,59.52,97.41,109.44,100.36,Normal
kidney,Drug C,16.51,34.47,73.72,7.175,63.69,5.22,19.5,86.55,61.99,76.81,70.74,Mild Toxicity
liver,Drug A,11.26,22.23,95.15,7.382,97.38,1.27,1.49,78.82,88.92,104.1,99.27,Normal
kidney,Drug B,39.62,9.42,91.88,7.319,90.24,2.1,6.67,77.24,88.13,95.9,85.57,Normal
heart,Drug A,41.24,27.44,96.33,7.408,97.0,1.02,1.9,67.44,91.54,105.99,88.56,Normal
lungs,Drug B,8.5,3.09,99.51,7.404,98.69,1.23,1.88,73.32,90.61,104.53,101.48,Normal
heart,Drug C,2.62,22.59,95.72,7.403,97.57,1.57,4.07,73.48,80.43,115.16,92.02,Normal
lungs,Drug A,29.55,20.06,94.4,7.364,96.41,0.99,1.52,72.44,92.66,108.56,91.25,Normal
lungs,Drug A,6.1,7.74,97.49,7.383,100.0,1.49,1.66,70.02,91.15,106.53,92.84,Normal
liver,Drug A,12.6,18.93,98.0,7.378,98.69,1.19,1.77,70.48,96.23,108.73,78.98,Normal
lungs,Drug A,21.75,17.19,95.21,7.384,97.71,1.23,1.37,69.98,99.41,95.07,99.64,Normal
heart,Drug A,48.48,10.78,98.59,7.421,98.59,1.26,1.71,71.44,99.51,108.54,91.7,Normal
heart,Drug C,29.56,35.18,56.89,6.886,36.64,9.3,33.69,34.94,45.8,54.01,52.86,Severe Toxicity
heart,Drug C,11.44,33.66,78.84,7.272,78.13,3.83,12.86,95.1,69.97,79.7,82.4,Mild Toxicity
liver,Drug B,47.14,13.75,85.4,7.183,80.8,3.03,9.48,89.3,78.25,93.39,80.25,Mild Toxicity
liver,Drug B,19.41,3.36,94.24,7.436,98.21,1.27,2.23,65.01,93.6,103.59,89.42,Normal
heart,Drug A,4.36,27.66,97.76,7.454,100.0,0.96,1.28,79.74,93.77,112.14,83.95,Normal
kidney,Drug A,25.53,30.71,95.87,7.409,96.97,0.83,1.74,67.58,91.95,109.45,95.58,Normal
kidney,Drug C,32.86,27.24,59.0,6.946,49.64,7.48,29.45,33.61,44.41,52.31,53.5,Severe Toxicity
liver,Drug C,36.73,11.16,82.81,7.195,73.04,4.38,13.81,89.75,67.09,91.19,75.03,Mild Toxicity
kidney,Drug B,48.59,25.53,76.96,7.08,66.31,4.89,16.93,93.28,59.62,66.15,79.57,Mild Toxicity
heart,Drug C,45.72,26.63,48.89,6.752,24.42,10.3,38.68,36.84,22.48,15.11,55.27,Severe Toxicity
lungs,Drug B,6.83,34.84,98.29,7.304,94.23,1.86,4.48,70.12,88.27,98.37,90.52,Normal
lungs,Drug B,59.45,9.03,87.45,7.257,85.95,2.87,8.15,81.69,77.54,88.41,89.29,Mild Toxicity
liver,Drug C,53.46,22.05,53.26,6.766,32.6,9.57,37.55,37.83,30.22,26.49,50.2,Severe Toxicity
liver,Drug B,51.8,12.02,88.6,7.232,88.94,3.27,8.5,83.16,82.77,88.45,90.97,Mild Toxicity
kidney,Drug B,33.44,32.14,77.84,7.187,75.7,4.54,15.04,97.95,71.02,83.22,73.47,Mild Toxicity
kidney,Drug A,55.76,20.79,94.69,7.416,100.0,1.19,1.52,78.97,89.46,97.7,88.86,Normal
kidney,Drug B,44.43,26.44,79.34,7.082,65.19,4.68,16.44,97.18,65.52,75.27,63.92,Mild Toxicity
liver,Drug A,15.08,31.98,97.07,7.357,98.45,0.91,1.06,69.76,93.44,111.83,88.78,Normal
lungs,Drug A,27.97,21.87,100.0,7.39,95.31,1.36,1.62,84.39,89.6,112.35,97.03,Normal
liver,Drug C,33.15,20.67,70.06,7.015,59.76,6.44,22.53,101.38,56.82,54.67,71.33,Severe Toxicity
heart,Drug C,43.65,5.98,88.74,7.3,85.14,2.86,9.05,93.54,78.84,92.19,80.01,Mild Toxicity
liver,Drug C,55.91,32.99,26.02,6.6,5.0,12.0,58.17,20.0,8.0,8.0,29.41,Severe Toxicity
kidney,Drug A,24.75,11.37,96.39,7.358,95.05,1.21,1.08,76.66,93.16,104.95,96.69,Normal
kidney,Drug C,52.75,24.46,47.8,6.657,24.27,10.59,40.61,32.68,25.47,17.63,48.63,Severe Toxicity
liver,Drug B,39.77,23.44,79.18,7.191,76.49,3.69,12.69,80.11,67.09,76.49,75.11,Mild Toxicity
kidney,Drug B,19.84,26.84,88.14,7.244,84.4,2.43,7.65,91.41,79.67,86.47,93.2,Mild Toxicity
heart,Drug A,17.3,4.54,92.4,7.327,97.51,1.09,2.44,64.47,88.17,106.12,99.51,Normal
liver,Drug C,9.49,8.2,96.59,7.347,94.52,1.4,3.68,70.89,80.3,104.6,94.78,Normal
liver,Drug B,49.41,16.23,78.61,7.193,80.9,3.64,11.59,95.62,68.76,86.45,85.76,Mild Toxicity
lungs,Drug B,44.55,10.42,87.28,7.252,83.82,2.58,7.67,79.9,83.14,93.24,89.13,Normal
liver,Drug C,32.28,2.2,94.52,7.361,94.48,1.65,3.83,70.96,84.77,97.14,85.88,Normal
heart,Drug C,50.25,4.45,87.73,7.358,85.49,3.06,9.36,85.34,83.55,97.42,78.81,Mild Toxicity
heart,Drug B,59.11,1.57,95.61,7.366,98.05,1.33,2.69,68.91,90.85,101.64,86.63,Normal
heart,Drug B,51.8,22.39,77.27,7.068,71.9,4.61,15.94,88.49,64.86,68.71,75.22,Mild Toxicity
kidney,Drug C,55.95,27.18,36.85,6.638,6.27,12.0,48.21,32.63,10.45,9.66,31.79,Severe Toxicity
heart,Drug C,34.94,26.19,59.04,6.905,44.17,7.66,29.66,44.17,49.75,41.13,58.84,Severe Toxicity
liver,Drug B,54.75,20.43,82.08,7.157,68.29,4.26,15.59,94.42,67.32,79.32,70.33,Mild Toxicity
kidney,Drug A,25.06,4.14,98.91,7.436,100.0,1.01,1.43,76.71,92.8,112.63,104.29,Normal
kidney,Drug B,43.05,27.0,79.41,7.09,70.36,4.82,15.95,101.64,66.5,76.12,78.19,Mild Toxicity
kidney,Drug A,2.37,22.12,99.71,7.394,98.57,1.36,1.17,74.57,100.0,103.84,96.13,Normal
kidney,Drug C,26.39,11.38,85.5,7.26,77.23,3.27,10.53,82.34,75.01,72.92,77.25,Mild Toxicity
heart,Drug A,47.69,26.04,93.73,7.378,97.86,1.17,1.56,70.5,92.18,102.18,99.0,Normal
heart,Drug B,14.97,7.42,94.39,7.325,95.12,1.12,2.96,75.9,82.69,106.99,83.23,Normal
lungs,Drug A,12.96,24.37,97.03,7.445,96.11,0.99,1.15,70.12,96.58,95.42,96.27,Normal
lungs,Drug B,56.77,24.27,73.37,7.055,65.38,5.2,19.11,94.19,57.1,67.45,73.43,Mild Toxicity
lungs,Drug A,40.74,17.51,98.36,7.447,97.01,0.98,1.0,70.67,89.22,116.87,99.83,Normal
heart,Drug A,33.14,21.85,99.78,7.363,99.3,1.3,1.4,73.82,93.63,112.7,88.47,Normal
heart,Drug A,42.09,12.26,95.65,7.366,95.42,1.33,1.21,68.94,86.84,104.86,104.3,Normal
liver,Drug A,17.07,8.86,99.45,7.37,98.55,1.26,1.85,68.16,93.0,106.81,99.67,Normal
heart,Drug A,35.68,34.45,96.56,7.412,99.12,1.01,2.3,73.13,87.02,108.17,98.43,Normal
liver,Drug A,5.45,6.21,98.3,7.436,98.98,1.12,2.11,66.65,86.76,104.45,95.1,Normal
heart,Drug C,32.38,7.8,86.63,7.242,80.67,2.68,9.18,81.09,77.99,87.46,85.28,Mild Toxicity
kidney,Drug A,19.51,16.55,95.3,7.378,96.76,1.52,1.41,84.15,90.7,117.54,103.0,Normal
heart,Drug A,10.1,24.91,96.45,7.391,100.0,0.91,1.21,77.99,86.6,104.03,100.34,Normal
lungs,Drug B,47.47,3.31,94.13,7.364,90.77,1.7,3.14,77.04,88.04,111.6,88.33,Normal
liver,Drug A,21.94,35.52,96.4,7.432,100.0,0.81,1.71,67.44,93.14,106.69,92.35,Normal
kidney,Drug B,36.79,27.33,79.67,7.171,72.49,3.88,14.15,82.25,68.92,81.39,84.0,Mild Toxicity
heart,Drug A,41.25,28.37,95.04,7.402,98.15,1.05,1.74,66.0,91.89,109.96,81.19,Normal
lungs,Drug B,13.23,6.23,93.69,7.389,96.56,1.06,2.24,66.79,93.49,118.18,96.81,Normal
liver,Drug B,40.03,22.61,81.28,7.162,77.76,3.96,12.44,85.95,67.8,81.97,82.72,Mild Toxicity
heart,Drug A,14.92,31.03,95.94,7.383,96.53,0.91,1.64,75.58,87.93,114.26,99.09,Normal
heart,Drug B,27.98,11.03,90.82,7.312,93.6,1.94,5.22,79.7,82.67,107.34,92.19,Normal
heart,Drug C,23.82,25.47,74.24,7.106,65.32,5.73,20.07,90.58,55.01,61.68,76.27,Mild Toxicity
liver,Drug A,36.72,20.05,95.28,7.442,100.0,1.08,1.39,61.7,92.54,101.19,105.71,Normal
lungs,Drug B,32.81,30.17,80.15,7.083,73.03,4.07,13.21,87.61,67.34,69.32,76.89,Mild Toxicity
lungs,Drug A,42.43,15.39,94.75,7.44,98.08,1.27,1.66,80.0,97.2,105.46,94.38,Normal
heart,Drug A,23.07,29.53,97.88,7.409,100.0,0.93,1.73,72.26,86.75,98.33,98.45,Normal
lungs,Drug A,54.15,9.09,98.48,7.424,97.16,0.73,1.96,73.82,93.11,95.12,99.22,Normal
heart,Drug C,29.78,5.8,92.01,7.291,90.78,2.92,6.66,77.58,86.05,90.34,83.55,Normal
heart,Drug B,58.75,12.51,82.14,7.275,80.57,3.16,10.75,86.13,74.72,69.74,74.9,Mild Toxicity
lungs,Drug B,38.14,25.93,78.47,7.143,75.81,4.17,13.29,91.66,67.15,65.5,73.92,Mild Toxicity
kidney,Drug B,34.86,23.72,86.67,7.2,78.38,3.35,11.87,85.66,73.99,88.87,72.64,Mild Toxicity
liver,Drug B,45.68,11.13,87.03,7.302,84.31,2.79,7.78,83.03,81.16,100.5,76.71,Normal
heart,Drug C,58.84,11.91,71.93,7.044,56.02,6.64,23.51,99.66,50.65,57.27,74.36,Severe Toxicity
lungs,Drug C,2.34,32.95,94.42,7.325,92.81,2.11,3.76,72.95,86.41,92.45,92.24,Normal
heart,Drug C,5.14,29.46,91.19,7.374,91.52,2.44,6.62,65.26,81.15,104.41,93.3,Normal
heart,Drug C,52.94,22.97,48.21,6.728,29.44,10.0,38.7,48.13,26.71,27.71,50.44,Severe Toxicity
kidney,Drug A,19.6,5.59,95.74,7.406,99.31,0.88,1.73,69.76,97.15,111.13,99.5,Normal
heart,Drug C,9.23,16.25,91.83,7.336,92.63,1.93,6.22,70.65,81.91,93.85,99.55,Normal
liver,Drug B,4.13,31.11,95.1,7.34,91.51,1.53,2.97,69.51,86.88,102.28,92.14,Normal
lungs,Drug A,35.01,32.28,93.9,7.42,100.0,1.19,2.23,63.82,87.97,111.14,105.85,Normal
kidney,Drug C,42.38,18.54,69.32,7.008,52.2,6.8,25.09,97.82,48.34,60.5,71.65,Severe Toxicity
liver,Drug A,50.47,8.95,98.8,7.417,94.36,1.22,2.15,62.86,90.4,103.32,108.85,Normal
kidney,Drug C,27.16,7.83,89.33,7.259,84.45,2.98,7.91,73.84,74.82,83.33,83.97,Normal
liver,Drug B,4.0,26.0,96.11,7.34,97.97,1.46,2.64,72.39,85.78,108.72,102.19,Normal
heart,Drug C,2.39,17.41,89.3,7.417,94.89,1.62,3.16,68.16,95.96,113.67,89.09,Normal
liver,Drug A,36.79,5.72,97.42,7.448,98.31,1.53,1.95,66.96,92.93,115.72,87.24,Normal
kidney,Drug C,55.69,8.54,80.84,7.19,70.06,5.05,16.24,91.96,67.49,75.54,75.22,Mild Toxicity
kidney,Drug C,21.2,28.34,73.35,7.128,61.78,6.05,19.92,97.28,63.53,71.23,57.9,Mild Toxicity
liver,Drug A,35.3,32.8,97.48,7.362,98.35,1.02,1.69,65.21,94.86,108.82,100.42,Normal
heart,Drug C,14.72,26.44,80.6,7.262,78.66,4.18,13.19,88.31,71.45,73.28,79.56,Mild Toxicity
heart,Drug C,18.24,24.41,77.92,7.169,69.12,4.09,15.21,93.56,74.95,81.05,76.55,Mild Toxicity
kidney,Drug C,57.78,11.6,70.2,7.079,55.79,5.99,21.28,107.34,55.48,67.92,63.78,Mild Toxicity
lungs,Drug A,23.85,29.03,100.0,7.437,96.96,1.02,1.2,68.53,93.87,112.55,99.31,Normal
heart,Drug C,34.68,20.93,70.13,7.025,55.24,6.09,24.13,103.97,52.72,52.75,74.26,Severe Toxicity
heart,Drug A,17.28,3.81,96.42,7.413,100.0,1.17,2.08,76.1,93.23,101.86,96.34,Normal
kidney,Drug B,6.0,25.62,91.82,7.362,96.66,1.59,3.76,88.53,87.27,109.23,90.56,Normal
lungs,Drug B,58.76,7.52,91.51,7.312,85.47,2.42,6.63,76.36,88.51,104.59,87.46,Normal
heart,Drug B,43.66,23.25,81.1,7.141,75.06,4.46,14.52,104.17,65.13,69.18,76.44,Mild Toxicity
heart,Drug B,35.74,28.44,79.1,7.161,76.49,4.2,14.35,92.82,67.41,72.63,78.23,Mild Toxicity
kidney,Drug C,50.15,17.52,63.68,6.901,44.12,7.91,28.66,50.24,52.57,47.36,52.29,Severe Toxicity
kidney,Drug C,14.76,29.69,82.1,7.117,74.67,4.39,14.37,76.49,72.81,86.13,76.47,Mild Toxicity
liver,Drug C,58.95,16.26,59.54,6.848,44.21,8.21,30.82,51.08,39.07,34.99,53.73,Severe Toxicity
liver,Drug A,14.3,2.09,98.58,7.347,97.37,1.49,1.7,77.01,91.64,108.62,91.59,Normal
lungs,Drug A,43.18,12.77,96.59,7.421,98.6,1.01,1.61,70.29,92.09,108.54,85.82,Normal
liver,Drug A,44.96,35.85,99.39,7.402,99.91,0.96,2.48,69.2,94.85,118.67,89.37,Normal
kidney,Drug C,51.58,9.44,77.58,7.188,63.87,4.63,16.11,85.38,64.74,85.94,75.67,Mild Toxicity
heart,Drug C,8.23,13.67,95.25,7.336,91.17,1.87,4.8,81.13,86.72,100.0,85.01,Normal
liver,Drug A,28.21,22.82,95.02,7.398,99.53,1.34,0.6,67.19,90.47,94.91,88.29,Normal
lungs,Drug A,25.5,12.75,97.92,7.465,99.09,1.05,1.39,77.27,90.19,108.79,83.73,Normal
lungs,Drug B,2.61,32.77,95.19,7.374,98.23,1.31,2.94,88.57,85.64,109.34,95.39,Normal
heart,Drug B,50.24,9.97,84.87,7.307,89.17,2.31,8.14,88.53,82.4,84.19,88.6,Mild Toxicity
heart,Drug C,51.04,26.45,46.09,6.72,19.74,11.39,43.19,28.9,20.78,18.26,43.79,Severe Toxicity
liver,Drug B,54.94,24.55,73.17,7.097,62.74,5.11,18.08,95.1,65.32,51.55,78.56,Mild Toxicity
heart,Drug A,33.17,26.32,97.66,7.421,99.34,1.12,1.04,70.03,96.02,96.66,100.27,Normal
heart,Drug C,4.3,28.1,93.11,7.355,92.84,2.07,5.36,78.57,88.09,101.0,99.93,Normal
lungs,Drug C,11.54,4.55,96.56,7.41,93.9,1.5,2.88,79.73,91.04,111.86,96.81,Normal
liver,Drug A,51.27,25.24,99.05,7.409,95.86,0.83,1.85,69.82,85.47,106.2,87.34,Normal
liver,Drug A,38.74,12.69,99.22,7.457,100.0,1.14,1.84,64.52,95.77,96.52,100.68,Normal
liver,Drug A,54.87,8.53,97.21,7.389,92.7,0.95,1.18,76.4,90.68,113.94,95.65,Normal
liver,Drug C,48.88,4.2,86.86,7.275,85.56,3.04,7.89,80.72,85.53,87.44,91.27,Normal
liver,Drug C,30.47,13.13,83.75,7.172,75.18,4.26,13.46,88.27,69.64,84.02,87.73,Mild Toxicity
liver,Drug A,14.77,17.1,95.55,7.493,95.9,1.16,1.15,76.02,96.51,111.91,97.07,Normal
heart,Drug B,56.67,35.88,65.37,6.882,48.32,6.99,27.2,101.34,49.07,54.05,57.83,Severe Toxicity
liver,Drug C,19.02,33.59,74.02,7.076,60.49,5.96,20.59,98.01,53.06,81.56,81.56,Mild Toxicity
heart,Drug C,47.61,16.72,65.47,6.974,52.79,6.91,25.84,95.59,55.04,50.64,75.81,Severe Toxicity
liver,Drug B,43.43,15.56,85.79,7.298,80.13,3.33,10.07,89.05,86.09,85.57,81.53,Mild Toxicity
kidney,Drug C,58.56,8.23,78.74,7.18,70.17,4.92,15.85,96.56,63.84,71.8,83.05,Mild Toxicity
lungs,Drug A,30.36,30.43,97.11,7.432,96.0,1.12,1.83,90.28,87.95,108.87,96.79,Normal
liver,Drug B,59.66,21.63,75.91,7.127,67.14,5.06,18.13,101.34,66.13,64.24,80.84,Mild Toxicity
liver,Drug C,7.6,19.04,89.45,7.316,93.49,2.23,5.53,82.05,84.22,105.9,80.62,Normal
liver,Drug A,29.8,28.57,99.98,7.446,96.58,1.16,1.85,74.22,89.87,106.87,104.87,Normal
heart,Drug B,59.62,16.21,82.47,7.109,77.49,3.94,13.31,93.2,68.89,68.94,81.29,Mild Toxicity
liver,Drug A,15.4,18.43,99.31,7.351,100.0,1.25,2.11,66.06,89.39,108.6,96.19,Normal
heart,Drug B,12.15,4.68,95.55,7.363,94.95,1.05,3.68,68.63,91.49,95.18,108.36,Normal
lungs,Drug A,7.48,24.7,96.26,7.415,98.25,1.45,1.39,77.94,99.07,113.66,90.13,Normal
lungs,Drug B,19.42,21.68,90.4,7.309,89.43,2.59,6.74,74.42,84.1,90.68,85.67,Normal
lungs,Drug B,37.37,23.97,80.21,7.206,72.04,3.57,13.26,93.51,70.86,67.53,79.33,Mild Toxicity
lungs,Drug A,33.29,23.73,97.73,7.393,100.0,0.79,1.38,76.91,100.0,103.98,96.21,Normal
lungs,Drug C,11.27,7.66,94.4,7.3,94.48,1.82,3.91,83.33,89.54,114.63,99.07,Normal
liver,Drug C,8.74,4.01,94.94,7.389,94.17,1.37,2.65,70.53,88.73,97.9,92.83,Normal
heart,Drug C,24.74,24.78,72.73,7.017,60.77,5.58,21.12,97.5,58.34,62.15,72.11,Severe Toxicity
heart,Drug A,41.28,32.75,95.44,7.427,97.0,0.91,2.18,78.39,93.98,98.06,105.2,Normal
heart,Drug B,6.63,26.14,94.55,7.355,96.66,1.34,3.69,73.95,81.49,101.91,90.56,Normal
liver,Drug B,31.19,2.39,94.3,7.376,92.39,1.56,2.59,76.2,90.19,106.52,98.88,Normal
kidney,Drug C,43.36,8.55,84.9,7.255,79.85,3.84,13.0,96.61,81.67,79.65,66.58,Mild Toxicity
lungs,Drug B,2.87,19.66,95.92,7.392,92.08,1.28,2.07,67.53,85.59,95.11,97.9,Normal
kidney,Drug B,2.3,21.13,96.65,7.399,94.99,0.98,1.72,73.83,96.51,109.96,98.7,Normal
heart,Drug B,57.08,27.95,68.95,7.023,58.56,5.82,21.45,111.28,52.08,57.69,57.83,Severe Toxicity
heart,Drug A,44.41,22.64,96.41,7.344,100.0,1.07,1.52,72.5,94.2,100.83,106.98,Normal
kidney,Drug A,39.31,27.23,99.59,7.405,99.87,1.14,1.97,76.13,91.69,91.06,100.48,Normal
heart,Drug A,56.64,20.39,98.19,7.393,96.1,1.19,1.63,73.46,94.56,100.94,76.07,Normal
liver,Drug C,49.03,3.34,90.33,7.339,89.65,1.97,6.67,81.95,80.79,91.96,92.71,Normal
kidney,Drug C,37.74,2.98,88.46,7.397,90.78,1.66,4.52,75.23,83.88,103.51,79.38,Normal
liver,Drug C,6.44,6.01,95.32,7.361,95.53,1.21,2.6,70.94,88.14,119.01,95.04,Normal
liver,Drug C,28.48,32.29,61.79,6.886,41.82,8.11,29.86,46.15,43.39,40.72,63.34,Severe Toxicity
liver,Drug A,17.6,19.59,95.41,7.321,99.44,0.96,1.4,72.16,85.31,110.46,101.99,Normal
lungs,Drug C,25.56,29.0,66.92,6.963,56.54,6.76,24.62,97.49,53.37,63.64,58.23,Severe Toxicity
lungs,Drug A,10.57,15.87,98.78,7.405,96.15,0.89,1.21,64.4,93.46,107.45,90.64,Normal
liver,Drug A,46.03,30.86,95.94,7.374,97.57,1.18,0.9,68.66,87.33,112.01,104.94,Normal
kidney,Drug A,42.51,25.53,96.9,7.381,97.22,0.94,1.37,74.25,87.06,93.8,93.26,Normal
heart,Drug A,20.69,5.47,99.17,7.341,98.91,0.58,1.48,74.21,85.1,113.57,97.41,Normal
heart,Drug C,14.85,18.77,87.17,7.234,87.65,3.26,10.24,76.0,77.23,88.5,82.07,Mild Toxicity
lungs,Drug C,20.38,14.83,83.63,7.262,78.83,3.24,10.25,86.66,74.13,88.36,88.36,Mild Toxicity
lungs,Drug A,38.69,24.73,95.38,7.414,96.03,1.03,2.13,75.05,90.08,99.45,86.08,Normal
heart,Drug C,21.39,18.15,81.92,7.186,75.99,4.02,13.45,85.5,69.57,85.64,83.24,Mild Toxicity
lungs,Drug B,49.56,10.91,84.96,7.332,88.96,2.87,8.48,87.66,77.9,93.48,92.57,Mild Toxicity
heart,Drug A,11.39,29.24,96.81,7.377,96.21,0.82,0.55,70.62,93.55,116.05,96.08,Normal
liver,Drug C,37.6,10.0,83.71,7.179,78.63,4.11,12.76,88.96,69.46,87.62,88.11,Mild Toxicity
lungs,Drug B,3.0,2.66,98.75,7.369,98.84,0.93,1.8,76.22,92.7,113.86,94.64,Normal
kidney,Drug A,35.47,4.03,93.91,7.369,99.1,1.05,0.95,67.39,86.07,108.32,93.12,Normal
liver,Drug A,36.95,28.34,98.12,7.436,100.0,1.3,1.38,67.87,100.0,99.21,100.44,Normal
lungs,Drug C,52.3,4.47,87.67,7.273,83.63,2.5,8.57,82.16,77.17,95.76,86.79,Mild Toxicity
lungs,Drug B,55.36,32.95,67.16,6.927,47.1,7.19,24.38,108.88,50.68,51.29,60.47,Severe Toxicity
liver,Drug C,17.2,20.59,84.58,7.198,75.58,3.84,12.03,81.31,81.63,72.29,71.6,Mild Toxicity
lungs,Drug B,21.66,12.71,94.57,7.379,89.99,1.59,5.53,74.65,81.23,93.92,85.11,Normal
heart,Drug B,10.81,5.41,96.74,7.436,94.79,1.35,2.34,80.4,88.34,98.09,96.56,Normal
heart,Drug B,6.97,16.63,93.33,7.425,96.11,1.72,3.21,67.35,85.81,109.14,89.98,Normal
kidney,Drug A,25.08,31.31,93.74,7.384,94.42,0.84,1.62,77.95,86.52,108.05,98.69,Normal
liver,Drug A,56.22,33.26,96.06,7.4,99.19,1.09,0.84,68.79,91.6,110.65,82.82,Normal
liver,Drug B,7.09,18.06,96.38,7.389,90.57,1.69,3.22,82.3,84.48,110.31,96.02,Normal
kidney,Drug C,13.87,17.94,89.2,7.295,84.05,3.02,9.79,90.6,79.14,96.54,73.17,Mild Toxicity
kidney,Drug C,29.28,6.21,89.38,7.317,89.02,2.01,7.47,75.68,82.82,79.32,90.21,Normal
kidney,Drug C,49.26,21.36,55.26,6.88,33.83,8.88,33.93,48.25,38.07,34.67,54.32,Severe Toxicity
lungs,Drug C,53.35,4.59,90.26,7.248,83.06,3.05,9.01,79.53,77.54,82.51,82.71,Mild Toxicity
lungs,Drug A,40.13,32.91,97.26,7.419,97.52,1.29,1.11,65.27,88.74,108.24,100.65,Normal
lungs,Drug B,5.6,1.02,97.76,7.368,96.17,1.01,1.62,65.38,92.28,107.1,89.29,Normal
kidney,Drug C,43.2,6.08,84.82,7.244,85.41,2.87,9.18,73.88,80.77,106.62,96.96,Mild Toxicity
liver,Drug C,12.89,35.67,79.74,7.123,70.86,4.46,15.26,89.76,70.72,81.68,89.1,Mild Toxicity
liver,Drug C,44.15,35.6,35.46,6.6,5.34,12.0,50.07,27.38,8.0,8.0,39.05,Severe Toxicity
kidney,Drug B,52.35,13.52,82.83,7.251,81.46,2.77,10.27,81.87,83.44,92.6,74.31,Mild Toxicity
lungs,Drug C,49.94,13.15,67.99,7.069,61.81,5.86,21.59,94.67,60.76,70.58,67.1,Mild Toxicity
heart,Drug C,14.47,17.13,85.8,7.177,84.0,2.85,9.26,80.88,83.09,89.79,82.46,Mild Toxicity
liver,Drug A,22.62,8.84,96.62,7.424,97.23,1.17,1.43,78.5,92.9,113.7,96.03,Normal
kidney,Drug C,33.36,14.1,79.51,7.071,70.45,4.79,16.5,86.34,66.28,80.46,66.84,Mild Toxicity
heart,Drug B,12.41,16.01,94.92,7.345,89.6,1.52,3.7,75.07,88.77,100.26,82.35,Normal
liver,Drug A,5.47,5.14,93.0,7.441,98.27,1.08,2.1,80.43,89.76,111.48,89.84,Normal
kidney,Drug B,38.71,8.56,93.57,7.313,92.23,2.6,5.82,90.98,82.35,105.22,84.49,Normal
heart,Drug C,26.89,15.61,80.35,7.226,75.71,4.13,14.93,86.47,63.83,74.71,82.51,Mild Toxicity
liver,Drug C,8.89,34.32,84.16,7.278,79.73,3.52,10.77,90.28,81.9,104.56,71.12,Mild Toxicity
liver,Drug B,50.91,22.2,75.63,7.077,69.06,4.93,15.9,97.61,62.08,83.21,66.11,Mild Toxicity
heart,Drug C,8.51,30.38,88.23,7.277,83.88,2.97,9.62,86.11,81.87,91.49,78.59,Mild Toxicity
lungs,Drug B,35.45,32.05,79.76,7.082,69.26,4.49,16.23,92.05,72.24,76.54,71.7,Mild Toxicity
lungs,Drug C,56.3,9.41,73.65,7.137,69.34,4.91,18.09,102.69,68.97,77.51,66.6,Mild Toxicity
kidney,Drug A,42.86,10.99,95.6,7.365,95.36,1.18,1.58,77.39,89.68,105.06,87.93,Normal
liver,Drug C,5.24,10.9,94.45,7.357,92.36,1.69,2.7,77.15,83.75,104.59,92.23,Normal
liver,Drug C,25.92,25.35,70.55,7.027,57.56,5.72,21.44,95.48,55.36,69.78,72.08,Severe Toxicity
liver,Drug B,3.38,33.35,94.33,7.398,96.61,1.17,2.6,70.86,90.01,103.39,89.36,Normal
liver,Drug C,42.24,21.14,64.08,6.893,44.68,7.59,28.23,42.11,43.21,52.23,72.02,Severe Toxicity
heart,Drug A,12.07,8.61,98.16,7.455,96.65,1.06,1.68,73.73,89.09,113.36,96.25,Normal
liver,Drug B,49.95,31.64,70.56,7.005,60.15,5.61,21.19,105.94,57.86,63.07,76.03,Severe Toxicity
lungs,Drug B,49.36,10.46,88.53,7.289,81.79,2.77,7.84,74.78,80.0,79.44,82.74,Mild Toxicity
heart,Drug A,50.57,9.44,92.57,7.398,99.79,1.33,1.39,75.09,93.65,104.85,91.48,Normal
lungs,Drug B,18.31,15.76,94.04,7.329,92.79,1.9,4.92,74.44,89.21,91.53,85.1,Normal
lungs,Drug A,32.85,23.26,95.99,7.45,98.75,1.02,0.89,74.32,89.16,104.76,85.05,Normal
liver,Drug B,27.1,29.59,83.93,7.139,79.02,3.21,11.64,88.71,75.81,86.11,82.24,Mild Toxicity
heart,Drug B,51.44,32.35,70.44,6.968,55.83,6.35,22.25,103.24,54.96,49.79,72.43,Severe Toxicity
liver,Drug A,29.79,5.49,99.01,7.432,100.0,0.99,0.6,70.48,92.0,111.17,106.82,Normal
heart,Drug B,30.71,23.39,89.96,7.23,82.96,3.16,10.63,86.32,75.63,67.9,85.84,Mild Toxicity
lungs,Drug B,41.22,22.56,76.98,7.184,75.06,4.08,12.48,92.01,72.21,87.76,74.18,Mild Toxicity
lungs,Drug B,17.32,14.39,94.9,7.3,91.39,1.8,4.36,73.84,91.33,92.55,96.04,Normal
heart,Drug C,16.71,28.45,78.7,7.149,70.65,4.74,15.83,93.03,67.4,71.13,72.73,Mild Toxicity
lungs,Drug C,30.12,16.02,78.41,7.098,69.79,4.96,16.39,90.35,63.29,83.43,74.13,Mild Toxicity
heart,Drug C,49.51,1.69,94.4,7.345,92.0,1.48,3.49,79.75,86.69,100.15,91.05,Normal
lungs,Drug A,34.56,8.2,97.62,7.432,95.54,1.19,1.21,68.21,99.79,108.95,101.29,Normal
lungs,Drug B,29.63,16.3,90.44,7.24,84.52,2.37,7.6,77.25,76.01,97.75,82.61,Mild Toxicity
liver,Drug A,15.29,6.57,99.17,7.353,99.43,1.18,0.96,73.29,89.67,100.6,95.26,Normal
lungs,Drug B,21.2,15.34,90.94,7.406,90.55,1.87,5.6,72.56,90.94,103.7,97.59,Normal
heart,Drug B,41.53,24.2,82.44,7.078,73.19,4.18,14.52,89.72,73.03,82.9,82.56,Mild Toxicity
heart,Drug B,35.33,23.81,83.91,7.166,79.65,3.46,12.83,85.86,71.15,71.43,87.91,Mild Toxicity
heart,Drug B,17.31,1.02,97.96,7.36,96.44,1.1,1.77,68.98,94.09,102.85,85.63,Normal
kidney,Drug B,45.48,32.68,75.76,7.019,58.28,5.51,20.66,99.87,66.86,58.6,71.62,Severe Toxicity
kidney,Drug A,2.35,34.96,98.7,7.42,100.0,1.23,1.66,61.62,91.19,108.44,91.12,Normal
lungs,Drug A,55.35,8.26,94.08,7.373,96.56,1.09,1.31,77.66,92.54,107.17,94.47,Normal
kidney,Drug C,22.42,26.11,74.73,7.118,62.85,5.41,19.68,88.86,59.76,69.39,76.36,Mild Toxicity
kidney,Drug C,40.85,30.2,48.68,6.693,26.45,10.39,39.04,34.19,25.15,20.31,57.06,Severe Toxicity
kidney,Drug B,41.35,27.85,77.38,7.137,70.77,4.75,15.72,95.2,62.27,74.2,65.41,Mild Toxicity
kidney,Drug A,35.6,4.66,99.31,7.423,99.95,0.97,1.84,70.92,96.44,101.27,94.7,Normal
lungs,Drug B,22.8,5.78,95.54,7.348,95.28,1.77,2.96,81.52,89.63,107.37,100.92,Normal
lungs,Drug B,32.7,18.37,89.56,7.282,81.8,3.27,8.76,79.34,79.08,85.56,87.07,Mild Toxicity
lungs,Drug C,34.21,21.83,65.11,7.013,51.84,6.61,24.24,97.87,53.28,63.13,71.7,Severe Toxicity
heart,Drug B,14.62,14.79,93.42,7.349,89.26,1.63,4.05,80.16,88.1,101.54,87.77,Normal
lungs,Drug C,27.91,26.37,68.57,7.037,56.09,6.36,24.01,100.14,59.01,49.25,58.67,Severe Toxicity
liver,Drug A,47.29,17.58,99.24,7.404,96.76,0.95,1.34,72.79,92.29,115.32,83.95,Normal
kidney,Drug A,30.45,9.65,91.74,7.43,99.02,1.15,1.47,67.58,86.01,123.45,99.75,Normal
heart,Drug C,13.5,22.65,86.63,7.189,81.67,3.57,11.2,90.35,79.73,80.06,87.85,Mild Toxicity
lungs,Drug A,23.97,33.42,100.0,7.405,96.59,1.04,1.22,67.33,90.41,109.76,98.58,Normal
kidney,Drug A,7.23,3.84,98.56,7.431,98.23,1.5,1.77,68.16,91.32,111.15,83.97,Normal
kidney,Drug A,18.76,29.06,97.96,7.36,100.0,1.52,1.56,73.98,98.9,102.63,97.8,Normal
kidney,Drug B,52.91,28.22,72.71,7.024,58.45,5.52,19.72,105.9,60.66,61.64,71.25,Severe Toxicity
lungs,Drug B,39.53,33.2,75.33,7.11,65.7,5.02,17.59,98.81,71.77,66.55,73.06,Mild Toxicity
lungs,Drug A,49.29,9.25,92.91,7.392,94.42,0.89,1.81,70.69,89.18,106.25,97.0,Normal
heart,Drug C,19.79,5.3,95.39,7.306,90.36,1.76,4.09,75.4,90.53,104.38,88.16,Normal
heart,Drug C,24.61,26.64,73.23,7.025,58.87,6.03,21.21,94.69,58.32,75.93,77.14,Severe Toxicity
kidney,Drug B,26.74,13.01,90.71,7.303,86.98,2.05,6.43,70.69,88.08,100.46,97.38,Normal
kidney,Drug C,12.08,7.09,94.13,7.34,91.73,1.67,3.98,78.2,90.86,97.94,100.1,Normal
kidney,Drug A,46.88,19.82,97.11,7.411,97.92,1.11,1.54,68.78,95.5,95.66,83.94,Normal
lungs,Drug C,8.48,6.4,94.74,7.387,96.65,1.37,3.12,71.54,93.13,90.09,96.14,Normal
heart,Drug C,6.1,9.33,93.62,7.393,94.26,1.42,3.53,76.69,89.9,105.63,95.08,Normal
liver,Drug A,8.26,18.16,96.7,7.399,98.43,1.08,0.79,67.36,88.06,96.2,89.48,Normal
lungs,Drug B,10.37,27.41,92.51,7.349,94.04,1.86,5.1,76.85,90.12,113.13,84.66,Normal
lungs,Drug B,24.76,28.16,84.49,7.189,81.4,3.04,11.26,81.83,75.27,92.1,82.7,Mild Toxicity
kidney,Drug B,9.59,4.13,95.91,7.402,100.0,1.36,2.26,65.89,88.91,109.7,89.31,Normal
liver,Drug B,43.55,6.73,91.67,7.277,90.33,1.96,4.47,81.91,82.71,110.99,98.7,Normal
heart,Drug C,7.52,31.87,87.1,7.29,82.27,3.0,8.79,75.39,81.13,84.19,80.37,Mild Toxicity
lungs,Drug B,2.34,14.47,98.78,7.37,96.56,1.34,2.33,72.38,95.43,109.01,92.86,Normal
heart,Drug A,32.11,35.29,96.69,7.387,100.0,0.7,1.82,79.18,94.62,108.3,92.73,Normal
heart,Drug B,10.02,24.83,90.24,7.336,94.65,1.69,4.64,79.88,80.45,112.5,92.68,Normal
lungs,Drug A,29.54,3.42,99.38,7.453,98.64,0.93,1.55,73.82,85.8,109.15,91.44,Normal
liver,Drug A,25.36,22.83,94.92,7.419,99.14,1.11,1.59,73.95,87.3,95.62,98.93,Normal
kidney,Drug C,14.88,31.97,76.85,7.161,69.82,4.57,15.8,98.55,74.11,71.79,77.69,Mild Toxicity
heart,Drug C,13.72,10.31,89.27,7.335,93.64,2.25,6.04,78.97,91.68,103.37,86.59,Normal
kidney,Drug B,25.72,17.58,90.17,7.296,91.16,2.66,7.54,84.04,80.56,99.2,87.67,Normal
kidney,Drug A,14.07,33.65,99.49,7.366,98.23,0.89,1.37,78.36,92.32,95.56,104.46,Normal
liver,Drug A,16.55,21.13,94.58,7.418,98.23,0.83,1.26,75.07,89.04,112.72,99.37,Normal
liver,Drug A,32.24,34.53,97.98,7.439,96.68,1.06,1.23,63.98,93.35,119.34,92.88,Normal
lungs,Drug A,32.54,24.39,93.31,7.406,97.18,1.12,1.08,67.66,94.58,105.24,99.76,Normal
lungs,Drug C,25.2,10.59,86.61,7.236,81.51,2.96,8.83,83.72,83.64,91.94,82.0,Mild Toxicity
liver,Drug B,58.02,6.05,92.11,7.308,86.77,2.13,6.02,75.97,85.29,106.61,94.97,Normal
kidney,Drug A,57.8,5.56,95.9,7.441,97.15,0.9,1.26,66.7,91.37,113.81,104.34,Normal
heart,Drug A,11.8,15.89,98.46,7.419,98.6,0.8,1.41,72.06,91.92,110.09,95.52,Normal
lungs,Drug A,27.18,1.41,98.28,7.39,97.85,0.89,0.89,75.38,92.07,101.01,101.66,Normal
heart,Drug A,26.85,31.34,95.96,7.449,100.0,1.01,0.64,76.56,86.34,118.08,103.1,Normal
heart,Drug C,54.22,11.29,72.25,7.059,62.61,5.47,20.83,98.08,54.08,71.04,75.8,Mild Toxicity
kidney,Drug B,17.32,18.36,93.68,7.333,89.63,1.96,4.89,72.72,82.06,95.67,79.32,Normal
lungs,Drug A,35.96,30.32,100.0,7.43,99.65,1.1,1.81,78.49,90.68,111.67,91.78,Normal
kidney,Drug A,30.73,23.57,96.61,7.403,96.54,0.97,0.95,71.31,98.21,100.96,86.75,Normal
heart,Drug B,56.19,28.37,71.78,7.001,59.58,6.4,21.2,100.32,53.79,51.86,69.46,Severe Toxicity
kidney,Drug A,9.93,30.21,99.23,7.394,99.21,0.9,1.47,68.08,90.5,125.53,92.88,Normal
liver,Drug B,26.68,16.44,90.65,7.365,89.11,2.28,6.9,83.18,81.87,105.67,89.46,Normal
heart,Drug A,16.54,10.09,95.31,7.458,96.38,0.79,2.05,75.53,92.34,116.22,98.56,Normal
lungs,Drug B,26.51,8.48,94.09,7.306,90.3,1.46,3.98,67.87,85.44,86.92,88.62,Normal
kidney,Drug C,41.49,19.2,65.91,6.972,51.02,7.13,26.63,103.88,49.04,56.65,60.79,Severe Toxicity
lungs,Drug A,6.48,28.53,98.52,7.445,98.39,1.14,1.35,76.96,93.69,106.82,101.66,Normal
lungs,Drug C,26.69,3.7,91.98,7.329,96.58,1.8,5.63,76.37,89.09,94.97,92.5,Normal
kidney,Drug C,14.8,22.19,85.23,7.23,80.13,3.42,11.75,89.43,72.79,87.13,86.05,Mild Toxicity
liver,Drug B,59.78,23.79,74.5,7.025,64.97,5.78,19.16,91.35,56.85,63.63,60.05,Severe Toxicity
lungs,Drug A,55.28,20.68,96.77,7.332,98.05,1.14,1.31,78.25,90.2,101.38,97.09,Normal
liver,Drug B,48.5,30.36,71.4,7.029,58.72,5.61,19.52,99.74,59.62,69.02,73.0,Severe Toxicity
lungs,Drug A,27.93,23.29,97.88,7.392,92.57,1.48,1.47,83.62,89.28,103.61,97.24,Normal
heart,Drug C,23.5,15.21,86.0,7.176,71.52,3.92,12.3,85.98,77.34,88.23,89.24,Mild Toxicity
heart,Drug A,39.5,32.16,97.7,7.357,98.33,1.34,1.63,74.77,92.34,109.04,95.58,Normal
heart,Drug C,53.84,21.23,51.5,6.833,29.65,9.48,36.12,40.32,30.32,34.15,54.39,Severe Toxicity
heart,Drug A,57.36,32.76,98.84,7.387,98.17,1.03,1.43,62.89,93.46,114.62,97.12,Normal
kidney,Drug B,34.48,35.06,75.43,7.132,66.04,4.82,15.73,96.93,65.36,67.9,74.37,Mild Toxicity
lungs,Drug A,9.51,26.4,97.28,7.395,99.92,1.04,2.4,66.54,97.8,123.57,91.14,Normal
lungs,Drug A,2.45,27.28,96.14,7.383,97.59,0.88,0.72,75.2,94.41,103.76,104.24,Normal
kidney,Drug B,48.87,32.29,72.51,7.009,59.69,5.85,21.31,108.88,52.15,52.68,76.06,Severe Toxicity
heart,Drug A,24.98,9.06,95.6,7.379,98.34,1.32,1.12,66.72,93.54,101.44,101.72,Normal
liver,Drug A,28.71,2.18,95.49,7.419,96.08,1.16,1.87,77.68,94.13,112.39,106.8,Normal
kidney,Drug A,20.06,13.55,99.9,7.423,93.46,1.6,1.53,77.43,90.53,99.46,91.81,Normal
liver,Drug A,54.9,28.2,97.91,7.368,96.7,1.44,1.32,73.06,93.89,113.48,90.39,Normal
lungs,Drug B,16.57,19.38,92.57,7.294,89.87,1.91,5.17,83.63,78.38,107.03,90.92,Normal
kidney,Drug A,46.82,32.77,97.28,7.403,95.08,1.28,1.2,66.5,92.85,109.37,89.43,Normal
liver,Drug A,46.2,22.94,96.87,7.39,94.77,1.31,1.7,68.05,90.14,99.82,94.57,Normal
heart,Drug B,54.25,28.89,71.33,7.009,58.31,5.91,20.88,103.46,51.42,54.19,60.57,Severe Toxicity
liver,Drug A,58.89,17.66,94.94,7.367,98.08,1.3,1.22,69.5,83.41,97.25,108.82,Normal
lungs,Drug A,23.9,16.62,93.49,7.364,96.61,1.02,1.56,68.25,94.25,109.92,92.27,Normal
heart,Drug C,48.36,11.95,75.22,7.056,66.38,5.64,19.28,86.05,64.24,66.68,76.55,Mild Toxicity
liver,Drug A,56.41,21.94,93.88,7.468,93.76,0.99,1.25,73.26,91.44,110.01,87.78,Normal
kidney,Drug C,17.12,12.93,87.73,7.317,82.25,2.7,8.48,88.75,79.47,87.41,81.67,Mild Toxicity
kidney,Drug A,16.1,17.8,95.84,7.448,96.57,1.37,0.99,71.57,93.96,114.28,90.03,Normal
kidney,Drug C,33.53,8.39,82.73,7.241,81.53,3.04,10.07,76.07,76.02,80.29,81.29,Mild Toxicity
lungs,Drug A,23.89,35.05,95.77,7.369,96.29,1.0,1.46,74.49,95.39,98.58,92.78,Normal
heart,Drug A,10.35,13.45,96.24,7.368,98.24,0.91,1.51,85.37,92.03,119.12,107.79,Normal
liver,Drug A,9.2,32.73,97.21,7.381,98.36,0.97,1.44,77.83,99.35,105.64,101.38,Normal
liver,Drug C,19.74,6.0,93.17,7.331,94.72,1.83,5.54,78.59,87.2,90.45,82.52,Normal
liver,Drug B,8.07,13.59,96.45,7.393,96.49,1.59,3.03,87.39,91.29,111.67,95.14,Normal
lungs,Drug C,28.51,35.57,57.79,6.887,36.02,8.66,33.19,44.7,38.37,45.12,49.6,Severe Toxicity
liver,Drug A,38.06,1.94,95.29,7.413,96.05,1.03,1.15,77.2,89.89,109.9,97.88,Normal
lungs,Drug B,40.15,4.13,94.99,7.382,96.17,1.73,3.78,73.21,97.33,104.95,95.01,Normal
lungs,Drug C,44.61,18.31,63.0,6.988,48.48,7.14,25.86,96.86,43.79,59.07,57.2,Severe Toxicity
kidney,Drug B,3.55,7.59,94.37,7.384,96.73,1.14,1.92,73.73,96.63,113.37,96.45,Normal
liver,Drug A,32.57,22.94,97.07,7.426,96.26,0.91,1.53,69.19,92.58,101.19,85.58,Normal
lungs,Drug C,50.32,16.54,66.27,6.938,48.97,7.12,27.13,100.43,54.79,53.18,58.19,Severe Toxicity
kidney,Drug A,42.79,20.5,99.31,7.474,100.0,1.09,1.4,74.54,92.84,113.02,92.78,Normal
lungs,Drug A,58.93,4.79,98.69,7.432,98.62,1.02,1.75,69.18,93.79,109.46,94.2,Normal
heart,Drug B,13.28,34.09,90.1,7.278,89.57,2.34,7.21,85.91,76.81,87.45,75.99,Normal
kidney,Drug C,14.26,10.34,92.28,7.326,91.69,2.16,6.88,78.53,93.21,102.49,89.84,Normal
lungs,Drug B,46.43,12.24,88.55,7.225,84.72,2.95,8.91,71.22,83.3,88.35,89.76,Mild Toxicity
heart,Drug A,35.51,31.25,96.62,7.373,97.31,1.12,0.94,71.69,91.34,103.63,92.5,Normal
lungs,Drug A,16.34,3.16,98.93,7.407,98.89,1.26,1.01,71.98,90.75,115.57,100.37,Normal
kidney,Drug B,3.33,12.54,98.14,7.415,95.3,1.15,1.99,69.92,89.25,108.66,96.51,Normal
kidney,Drug A,10.11,4.12,93.59,7.391,98.44,1.3,1.3,67.97,89.3,103.18,103.13,Normal
lungs,Drug B,27.25,11.63,92.6,7.344,89.22,2.13,6.49,82.72,82.81,88.26,102.07,Normal
heart,Drug A,22.14,6.26,98.55,7.415,98.07,0.68,1.62,68.73,91.77,104.17,90.22,Normal
kidney,Drug C,25.66,28.22,69.8,7.022,51.87,6.48,24.66,99.03,55.52,66.28,70.17,Severe Toxicity
liver,Drug B,41.44,29.54,77.76,7.13,72.59,4.57,17.02,87.32,65.8,69.51,78.75,Mild Toxicity
heart,Drug C,42.73,27.09,51.62,6.734,29.33,9.84,37.0,44.09,37.09,30.75,50.65,Severe Toxicity
liver,Drug A,43.04,32.6,96.9,7.316,99.99,0.98,1.47,78.47,92.9,108.18,101.37,Normal
kidney,Drug C,13.98,4.1,95.83,7.425,92.18,1.77,2.7,64.92,89.46,111.36,100.97,Normal
lungs,Drug A,8.76,8.63,98.5,7.407,92.43,1.35,1.92,78.72,99.69,100.33,89.97,Normal
lungs,Drug A,30.0,16.16,94.91,7.39,100.0,1.04,1.38,68.67,92.88,116.31,89.26,Normal
liver,Drug C,44.35,18.93,65.21,7.019,50.49,7.47,27.46,101.6,49.4,55.76,66.89,Severe Toxicity
lungs,Drug C,8.85,11.91,93.77,7.307,93.01,2.02,4.35,67.38,86.4,100.74,100.12,Normal
lungs,Drug A,34.71,35.44,96.28,7.433,95.02,0.97,1.25,77.01,88.62,116.16,98.06,Normal
lungs,Drug A,32.28,14.88,94.13,7.412,100.0,0.89,0.86,65.29,92.69,101.89,97.37,Normal
kidney,Drug C,50.97,15.27,68.26,6.996,57.12,6.9,24.88,103.92,50.95,73.53,62.44,Severe Toxicity
lungs,Drug C,32.62,20.46,70.91,7.038,58.38,5.84,21.93,97.18,49.09,52.32,67.85,Severe Toxicity
lungs,Drug A,6.21,24.95,97.76,7.421,97.22,1.02,1.8,77.43,94.15,103.32,91.88,Normal
heart,Drug B,32.08,1.33,95.54,7.378,100.0,0.98,2.29,72.1,97.69,111.96,87.16,Normal
kidney,Drug A,52.81,19.88,95.49,7.344,98.06,0.77,1.04,62.43,94.79,105.06,97.48,Normal
lungs,Drug C,29.48,28.63,64.48,6.962,44.6,7.6,27.91,110.16,53.56,44.47,54.81,Severe Toxicity
kidney,Drug A,52.04,14.67,95.95,7.423,94.15,1.14,1.94,70.24,90.98,105.23,88.73,Normal
kidney,Drug C,18.99,10.08,89.42,7.32,85.46,2.39,7.26,74.88,83.15,101.88,88.21,Normal
liver,Drug C,16.81,18.24,84.44,7.256,83.03,3.16,11.25,80.04,74.39,84.86,85.53,Mild Toxicity
liver,Drug A,57.71,26.7,95.94,7.47,100.0,1.22,1.37,72.04,96.57,101.56,89.95,Normal
heart,Drug A,45.98,10.64,98.27,7.384,100.0,1.11,2.0,70.23,89.93,103.01,107.05,Normal
kidney,Drug A,8.86,4.49,95.59,7.417,94.46,1.19,1.8,73.62,91.71,124.49,86.91,Normal
lungs,Drug A,48.32,8.89,96.6,7.402,96.63,1.14,1.12,67.17,97.51,101.3,92.81,Normal
heart,Drug B,54.28,2.39,99.21,7.282,96.11,1.35,2.27,72.85,87.98,101.39,98.95,Normal
liver,Drug B,2.56,2.61,99.43,7.373,98.68,1.12,1.39,69.31,84.05,101.99,86.97,Normal
kidney,Drug C,43.07,11.1,79.49,7.184,68.14,4.68,16.05,89.48,65.2,78.52,86.73,Mild Toxicity
heart,Drug C,48.76,18.65,60.02,6.896,43.63,7.68,29.36,52.68,38.03,40.83,56.17,Severe Toxicity
heart,Drug C,26.48,10.52,81.88,7.245,80.03,3.18,9.99,87.1,73.71,101.54,90.52,Mild Toxicity
liver,Drug C,20.83,33.05,70.63,7.036,56.62,5.9,22.89,95.92,51.8,64.48,66.64,Severe Toxicity
kidney,Drug B,17.26,31.57,89.89,7.299,87.83,2.94,8.14,78.12,82.46,95.95,86.9,Mild Toxicity
heart,Drug C,22.25,23.09,80.34,7.145,70.65,4.98,17.23,97.6,64.27,72.9,79.68,Mild Toxicity
kidney,Drug A,19.08,30.47,96.23,7.367,96.13,0.93,1.84,73.91,92.47,116.5,92.68,Normal
lungs,Drug B,53.08,20.42,80.12,7.146,70.35,4.2,15.13,93.84,69.68,72.33,74.03,Mild Toxicity
lungs,Drug A,45.95,23.31,99.8,7.408,100.0,1.21,2.04,71.04,95.23,95.22,90.4,Normal
liver,Drug A,34.62,19.21,96.29,7.373,99.51,1.22,1.57,76.39,94.95,119.97,92.01,Normal
heart,Drug B,5.07,29.28,92.82,7.386,89.44,1.49,3.01,79.18,90.29,107.23,86.13,Normal
lungs,Drug C,16.25,29.74,79.23,7.116,70.68,4.71,16.3,91.73,69.17,85.5,78.27,Mild Toxicity
heart,Drug A,32.31,3.32,95.49,7.471,100.0,1.17,1.55,78.51,94.27,121.44,95.87,Normal
lungs,Drug B,57.63,27.42,69.57,7.047,58.17,5.88,20.93,110.98,55.94,56.71,64.66,Severe Toxicity
heart,Drug C,44.89,16.87,66.97,7.007,58.98,6.98,24.55,102.64,49.74,55.74,70.13,Severe Toxicity
lungs,Drug B,33.7,33.81,77.19,7.175,73.78,4.72,15.78,97.4,64.11,74.35,78.97,Mild Toxicity
kidney,Drug C,24.6,22.84,73.17,7.097,66.71,5.31,19.13,96.31,62.85,61.46,76.89,Mild Toxicity
kidney,Drug C,30.64,30.47,58.42,6.908,44.04,8.05,29.44,45.28,42.85,53.23,59.68,Severe Toxicity
heart,Drug C,42.61,3.76,92.0,7.288,92.26,2.23,6.68,85.86,84.36,86.18,88.44,Normal
heart,Drug C,40.86,24.89,54.45,6.873,36.17,8.69,32.75,40.05,43.17,38.58,61.19,Severe Toxicity
heart,Drug B,25.67,13.98,90.75,7.333,88.65,1.95,5.84,82.13,76.23,101.34,85.21,Normal
heart,Drug A,10.53,16.83,99.85,7.436,100.0,1.05,1.93,71.0,92.32,120.93,98.66,Normal
kidney,Drug B,35.26,26.33,79.02,7.202,75.64,4.16,12.79,91.09,78.29,90.04,86.0,Mild Toxicity
lungs,Drug B,43.37,17.56,85.57,7.26,77.82,3.21,10.5,82.52,76.51,81.47,86.37,Mild Toxicity
liver,Drug A,4.97,4.53,96.85,7.396,94.91,0.82,1.32,69.37,96.78,108.07,102.23,Normal
heart,Drug B,2.15,25.65,97.86,7.389,99.18,1.57,2.18,69.89,85.15,115.99,106.56,Normal
liver,Drug C,32.48,27.0,64.69,6.925,42.12,7.84,28.41,48.2,44.33,50.92,57.24,Severe Toxicity
heart,Drug B,54.98,17.47,80.67,7.142,73.02,4.42,12.67,90.72,69.3,93.39,74.64,Mild Toxicity
lungs,Drug B,54.41,2.87,94.18,7.334,96.2,1.29,2.61,80.11,89.86,108.22,84.82,Normal
liver,Drug C,32.56,18.6,76.6,7.092,61.89,5.82,19.98,96.59,59.91,71.41,60.31,Mild Toxicity
heart,Drug B,52.7,10.88,84.83,7.301,85.2,3.09,8.49,72.79,82.78,82.1,83.37,Mild Toxicity
liver,Drug A,39.29,32.41,96.01,7.321,99.29,1.01,1.48,59.25,88.57,107.68,92.94,Normal
heart,Drug A,17.85,9.04,97.1,7.371,95.93,1.21,1.2,70.85,91.33,100.71,95.51,Normal
liver,Drug A,43.31,12.98,99.93,7.349,100.0,1.21,2.45,77.03,92.19,99.44,95.6,Normal
heart,Drug C,20.25,8.78,87.46,7.327,91.37,2.74,7.22,76.58,86.06,91.01,80.69,Normal
liver,Drug C,32.16,7.02,88.15,7.289,83.21,3.02,8.55,88.34,82.68,84.51,83.89,Mild Toxicity
liver,Drug A,11.21,16.47,98.32,7.349,96.95,1.11,1.51,71.77,86.67,103.53,98.39,Normal
lungs,Drug A,19.06,29.0,94.99,7.406,98.68,0.83,1.36,72.17,98.86,92.61,103.43,Normal
lungs,Drug B,53.07,35.37,64.52,6.99,52.7,6.89,24.88,110.19,48.31,44.41,54.78,Severe Toxicity
liver,Drug C,10.91,30.2,87.36,7.255,79.05,3.29,11.67,93.93,74.48,74.39,86.54,Mild Toxicity
liver,Drug A,49.38,3.17,93.93,7.433,99.69,1.2,2.03,77.24,92.73,113.01,88.79,Normal
kidney,Drug C,4.06,16.32,90.95,7.37,92.64,1.75,3.99,84.16,91.84,105.34,90.77,Normal
lungs,Drug A,33.62,24.09,96.91,7.425,99.79,1.2,1.3,63.89,94.44,111.67,92.78,Normal
liver,Drug A,41.45,24.31,99.65,7.42,99.24,1.1,1.72,72.66,91.46,107.74,110.97,Normal
kidney,Drug B,3.92,16.28,95.57,7.368,89.1,1.09,2.39,73.46,90.19,99.06,99.65,Normal
liver,Drug B,22.98,23.87,93.19,7.236,85.19,2.77,8.24,87.13,81.19,110.77,79.98,Mild Toxicity
heart,Drug A,40.84,23.08,96.79,7.38,97.48,0.95,1.44,77.85,96.26,121.91,94.84,Normal
kidney,Drug B,6.67,12.5,94.76,7.364,96.62,1.71,2.93,68.56,87.24,112.8,99.44,Normal
heart,Drug B,31.63,27.26,82.14,7.198,78.92,3.83,11.86,89.78,70.98,90.04,80.44,Mild Toxicity
heart,Drug A,46.08,30.24,99.83,7.411,95.26,1.0,1.9,84.16,91.9,101.01,99.36,Normal
lungs,Drug B,59.28,16.58,83.37,7.17,77.06,4.21,14.13,100.48,68.82,84.17,66.81,Mild Toxicity
lungs,Drug A,14.51,9.3,97.24,7.418,99.92,1.05,1.57,78.98,91.67,105.52,99.72,Normal
kidney,Drug A,23.1,22.53,96.8,7.318,100.0,1.23,1.23,74.52,91.08,111.03,87.26,Normal
kidney,Drug B,53.8,7.58,91.57,7.28,84.48,2.22,6.52,76.97,84.11,109.43,84.69,Normal
liver,Drug A,4.01,10.25,92.26,7.402,100.0,1.25,2.04,76.81,94.03,109.44,91.59,Normal
heart,Drug C,13.62,19.85,87.44,7.227,79.32,3.26,9.97,81.59,79.71,77.38,75.99,Mild Toxicity
lungs,Drug C,14.3,29.64,83.86,7.146,75.15,4.17,14.48,85.14,69.07,83.09,83.72,Mild Toxicity
lungs,Drug C,13.76,34.89,77.56,7.205,70.23,4.9,16.49,80.04,63.26,64.65,75.78,Mild Toxicity
lungs,Drug C,37.81,21.2,65.25,6.961,50.43,7.14,25.97,92.53,52.55,53.02,60.78,Severe Toxicity
liver,Drug C,41.32,26.89,52.69,6.803,34.46,9.35,35.34,41.77,39.54,43.48,58.13,Severe Toxicity
heart,Drug B,48.56,2.92,93.07,7.362,94.07,1.78,4.05,73.69,97.12,112.04,82.0,Normal
kidney,Drug A,5.84,24.68,100.0,7.444,97.55,0.78,1.66,66.95,92.72,109.76,96.24,Normal
liver,Drug A,51.72,25.8,93.95,7.427,95.89,1.01,0.9,74.79,92.53,102.63,93.33,Normal
heart,Drug A,25.84,28.94,95.79,7.43,98.33,0.93,2.16,61.69,90.12,101.3,90.06,Normal
liver,Drug A,12.07,9.56,96.77,7.453,100.0,1.24,0.96,77.02,95.63,111.66,91.83,Normal
kidney,Drug B,33.26,29.48,81.92,7.191,68.48,4.26,13.83,86.99,74.35,74.91,81.9,Mild Toxicity
liver,Drug A,13.05,18.29,96.68,7.39,98.02,0.84,1.4,69.84,88.68,106.01,97.77,Normal
lungs,Drug A,27.63,20.83,97.14,7.407,98.09,1.14,1.56,68.06,91.64,101.24,98.47,Normal
heart,Drug C,58.58,8.93,78.45,7.149,71.28,4.76,17.74,82.81,66.9,67.08,82.61,Mild Toxicity
kidney,Drug B,35.11,20.81,83.65,7.222,77.16,3.8,10.28,87.98,77.51,90.55,85.25,Mild Toxicity
lungs,Drug C,46.65,8.13,80.72,7.24,77.44,4.15,11.91,76.91,64.47,93.21,90.95,Mild Toxicity
heart,Drug B,15.41,31.08,88.01,7.297,91.96,2.5,7.55,72.76,79.21,93.49,84.26,Normal
lungs,Drug B,5.89,25.19,97.52,7.337,94.11,0.96,3.75,69.84,89.82,104.84,92.9,Normal
kidney,Drug A,48.42,11.38,97.92,7.322,100.0,0.96,0.95,77.36,97.18,95.41,94.23,Normal
heart,Drug C,7.36,32.34,91.29,7.276,88.32,2.85,8.55,72.64,84.98,89.68,76.52,Mild Toxicity
heart,Drug B,5.13,3.38,94.31,7.344,100.0,1.22,2.2,72.08,93.16,122.22,95.46,Normal
lungs,Drug C,37.81,6.34,89.74,7.284,87.61,3.02,9.07,88.82,86.46,94.14,81.72,Mild Toxicity
lungs,Drug A,54.91,24.07,95.07,7.412,96.97,1.34,2.17,69.04,94.05,95.87,99.5,Normal
heart,Drug B,2.77,25.69,99.66,7.435,96.21,1.56,2.52,72.39,92.73,106.45,94.55,Normal
kidney,Drug B,42.28,11.97,89.35,7.301,84.49,2.82,8.19,83.53,85.32,100.05,85.11,Mild Toxicity
heart,Drug C,24.5,10.84,85.29,7.25,86.3,3.56,9.7,90.51,69.76,86.21,88.33,Mild Toxicity
liver,Drug C,25.57,34.42,62.47,6.935,50.51,7.65,28.71,45.63,43.37,52.54,50.81,Severe Toxicity
heart,Drug A,27.65,14.36,94.32,7.465,100.0,1.18,1.31,72.61,96.15,111.38,97.97,Normal
lungs,Drug B,48.4,17.54,82.2,7.153,77.4,3.35,11.88,91.67,71.02,89.57,86.4,Mild Toxicity
lungs,Drug A,59.74,13.5,96.73,7.427,97.94,0.96,1.86,81.27,90.12,101.53,104.36,Normal
liver,Drug B,18.91,28.15,87.67,7.243,84.72,2.56,8.37,88.29,81.44,92.77,79.12,Mild Toxicity
lungs,Drug A,32.17,26.03,95.29,7.369,99.13,1.02,1.61,81.21,94.47,115.13,89.98,Normal
lungs,Drug C,26.07,29.76,65.7,7.011,54.85,7.24,25.89,94.73,54.23,62.61,69.59,Severe Toxicity
heart,Drug C,46.02,16.17,68.58,7.014,52.39,6.83,24.74,96.83,44.53,68.38,56.27,Severe Toxicity
lungs,Drug A,15.47,6.33,94.93,7.424,96.48,1.13,1.81,78.43,86.55,104.49,99.98,Normal
kidney,Drug B,14.77,31.78,87.61,7.318,88.86,2.57,7.21,79.87,76.58,90.78,86.4,Normal
lungs,Drug A,31.59,1.34,96.0,7.395,95.75,1.02,1.11,66.31,92.63,115.28,97.79,Normal
heart,Drug C,42.15,13.4,74.54,7.032,66.7,5.34,19.14,93.55,51.62,69.86,81.04,Severe Toxicity
liver,Drug B,33.43,8.75,95.1,7.332,89.88,1.99,4.9,78.34,91.0,92.02,97.34,Normal
liver,Drug A,43.43,20.68,99.66,7.44,95.78,1.05,1.14,69.1,93.32,116.03,98.09,Normal
liver,Drug A,53.7,13.77,96.09,7.363,97.83,1.08,1.66,73.22,92.38,114.77,95.0,Normal
heart,Drug A,16.17,14.03,93.64,7.44,100.0,0.9,1.59,65.49,91.61,103.52,87.82,Normal
liver,Drug B,16.74,15.13,93.28,7.36,91.48,1.92,4.81,80.4,84.73,87.22,91.65,Normal
heart,Drug A,12.33,23.66,99.35,7.391,98.28,1.26,1.59,74.2,93.27,101.05,102.75,Normal
liver,Drug C,4.07,33.65,90.76,7.367,88.85,1.9,5.7,75.93,88.92,108.15,89.51,Normal
kidney,Drug A,55.9,30.9,97.85,7.45,99.74,0.87,2.01,70.29,91.27,103.34,86.74,Normal
heart,Drug A,34.88,12.9,98.06,7.417,96.29,0.78,1.3,76.07,93.53,112.33,87.41,Normal
liver,Drug A,34.7,25.03,96.42,7.387,96.69,1.11,1.77,73.56,91.3,113.81,90.8,Normal
heart,Drug C,58.09,8.33,78.7,7.211,67.08,4.75,16.49,83.83,70.96,62.38,80.12,Mild Toxicity
liver,Drug C,32.32,25.9,64.83,6.99,49.86,7.36,26.99,103.29,50.44,51.03,58.39,Severe Toxicity
liver,Drug B,9.72,22.51,97.04,7.348,91.26,1.57,4.0,76.97,78.69,101.87,90.12,Normal
lungs,Drug B,3.94,2.96,97.29,7.375,96.78,1.56,1.63,69.27,85.86,100.52,88.02,Normal
kidney,Drug B,8.86,16.98,94.22,7.394,95.05,1.69,3.82,85.66,86.83,101.69,91.0,Normal
lungs,Drug A,32.4,8.19,95.13,7.356,98.43,0.96,1.67,72.94,91.15,108.16,93.97,Normal
lungs,Drug C,58.49,28.96,30.31,6.6,5.0,12.0,54.34,34.26,8.0,8.0,26.06,Severe Toxicity
lungs,Drug A,33.14,35.13,95.46,7.389,96.3,0.93,2.02,63.57,96.92,111.52,91.97,Normal
liver,Drug C,12.66,8.7,92.51,7.337,91.22,2.08,4.9,81.27,93.38,95.19,90.54,Normal
heart,Drug A,43.97,24.85,95.91,7.429,97.92,0.77,1.74,72.55,89.58,91.01,98.68,Normal
liver,Drug B,51.49,6.56,90.52,7.324,88.11,2.2,5.39,82.34,85.64,91.81,101.59,Normal
kidney,Drug A,33.57,19.91,96.65,7.367,98.42,1.04,1.34,71.24,91.71,114.36,89.55,Normal
kidney,Drug B,2.55,19.35,93.03,7.348,96.76,1.35,1.39,79.26,92.27,112.05,91.33,Normal
heart,Drug B,52.81,11.71,86.36,7.287,83.69,3.35,9.96,86.21,76.87,77.59,80.43,Mild Toxicity
liver,Drug B,51.43,22.52,78.0,7.162,67.72,4.79,15.95,87.77,64.77,72.29,74.69,Mild Toxicity
heart,Drug A,46.6,15.39,96.24,7.401,98.67,1.2,0.79,76.57,88.41,105.97,80.99,Normal
liver,Drug B,28.69,6.65,96.66,7.41,89.92,1.99,3.4,85.69,86.64,96.24,98.39,Normal
liver,Drug A,45.34,1.73,95.23,7.404,97.81,1.06,1.69,77.37,88.8,107.63,90.68,Normal
lungs,Drug B,47.11,14.99,85.24,7.274,82.09,2.85,10.41,77.73,71.66,87.57,99.31,Mild Toxicity
heart,Drug C,40.3,29.69,52.02,6.814,28.91,10.05,37.72,28.87,29.2,22.02,38.07,Severe Toxicity
heart,Drug A,31.58,19.23,96.82,7.331,96.85,1.19,1.38,78.33,89.06,103.67,97.37,Normal
kidney,Drug A,45.27,30.86,95.34,7.423,97.19,0.93,1.41,76.4,93.25,103.24,92.07,Normal
lungs,Drug A,19.54,24.98,98.4,7.402,95.99,1.36,1.55,72.6,90.72,111.25,95.5,Normal
kidney,Drug B,34.81,21.65,86.13,7.211,76.21,3.21,11.15,85.88,81.64,76.4,86.01,Mild Toxicity
lungs,Drug B,29.56,15.27,90.6,7.25,91.71,2.54,7.08,75.53,84.81,89.56,75.25,Mild Toxicity
heart,Drug C,11.82,33.49,80.6,7.213,73.81,4.08,13.0,85.35,67.92,83.99,80.23,Mild Toxicity
heart,Drug C,12.84,29.01,83.83,7.214,76.18,3.69,12.43,83.33,71.38,80.77,77.85,Mild Toxicity
liver,Drug C,35.44,7.06,87.32,7.233,81.64,2.94,9.54,75.41,69.97,86.38,87.51,Mild Toxicity
liver,Drug A,41.09,3.79,97.01,7.359,96.27,1.03,1.28,65.6,87.67,95.3,91.93,Normal
liver,Drug B,14.14,23.05,92.28,7.289,87.92,2.26,5.82,77.62,89.3,100.2,75.8,Normal
lungs,Drug B,6.71,16.81,95.95,7.362,99.58,1.72,2.88,75.53,93.74,95.42,94.03,Normal
lungs,Drug A,44.17,14.27,94.19,7.357,97.27,0.87,1.06,65.97,96.48,96.32,96.33,Normal
lungs,Drug C,33.26,17.05,74.56,7.044,66.73,5.17,18.48,86.9,67.04,76.87,68.18,Severe Toxicity
lungs,Drug C,29.9,6.91,88.82,7.3,84.36,2.38,7.98,71.44,82.19,90.56,84.32,Normal
heart,Drug B,46.64,35.31,67.28,7.013,63.23,6.13,22.81,106.18,57.81,63.57,76.02,Severe Toxicity
heart,Drug C,31.13,2.5,91.86,7.354,95.4,1.69,3.5,77.44,86.83,100.11,89.58,Normal
heart,Drug B,55.4,32.23,69.28,6.932,55.01,6.44,23.97,104.32,48.91,38.87,69.23,Severe Toxicity
kidney,Drug C,18.25,24.33,81.36,7.247,72.13,4.38,14.94,90.23,67.6,81.48,78.91,Mild Toxicity
liver,Drug C,14.8,25.99,82.15,7.17,75.62,3.85,13.16,82.08,70.91,87.72,80.77,Mild Toxicity
kidney,Drug B,6.29,2.93,97.4,7.37,97.53,1.09,2.03,72.19,86.98,103.7,101.83,Normal
liver,Drug B,26.67,16.47,92.92,7.235,85.01,1.95,6.59,79.43,80.96,92.4,88.86,Mild Toxicity
lungs,Drug A,17.13,24.8,94.79,7.361,96.01,0.85,1.27,77.95,92.8,107.03,104.96,Normal
lungs,Drug B,8.42,31.08,88.6,7.344,92.5,1.62,4.69,79.51,89.37,97.71,89.78,Normal
liver,Drug B,55.07,6.53,91.67,7.382,95.63,2.0,6.68,87.01,86.0,93.84,87.05,Normal
kidney,Drug A,25.65,35.1,94.38,7.364,98.92,1.1,2.27,73.55,95.76,102.65,99.15,Normal
liver,Drug A,53.24,6.62,96.86,7.419,100.0,1.49,1.13,77.04,89.06,105.71,100.96,Normal
liver,Drug B,3.36,32.14,96.53,7.35,98.71,1.43,2.54,81.67,91.59,94.32,94.89,Normal
kidney,Drug B,35.71,32.65,78.84,7.078,69.9,5.02,16.6,100.06,69.13,78.42,76.54,Mild Toxicity
lungs,Drug B,53.56,31.6,66.67,7.023,58.0,6.14,22.44,102.5,53.0,49.75,67.84,Severe Toxicity
heart,Drug A,23.26,18.78,96.91,7.352,97.83,1.31,1.36,77.6,91.57,105.08,93.99,Normal
lungs,Drug C,34.85,3.96,89.83,7.282,90.87,2.09,5.59,75.4,87.55,96.7,83.52,Normal
kidney,Drug A,4.76,24.6,94.33,7.412,99.49,1.13,1.64,73.36,92.26,99.75,102.07,Normal
kidney,Drug A,24.11,4.38,97.44,7.421,95.95,1.44,1.58,75.2,84.86,109.0,96.01,Normal
kidney,Drug A,8.83,7.34,97.93,7.373,94.13,1.09,0.98,81.92,89.43,107.41,93.08,Normal
liver,Drug C,56.13,2.65,93.21,7.29,87.84,2.16,6.41,79.77,76.58,118.58,85.6,Normal
liver,Drug B,31.32,6.2,95.31,7.36,94.94,1.49,4.22,72.13,91.02,90.45,82.36,Normal
heart,Drug B,10.68,1.5,97.22,7.362,98.81,1.07,1.9,67.73,93.71,98.29,97.65,Normal
liver,Drug B,50.44,30.49,69.26,6.994,65.56,5.53,20.23,96.05,60.97,67.66,73.77,Severe Toxicity
liver,Drug A,19.51,7.49,98.9,7.372,99.82,0.88,1.67,76.8,89.15,118.31,90.45,Normal
heart,Drug B,7.13,22.95,93.72,7.327,91.19,1.65,3.67,83.25,89.83,107.59,95.83,Normal
liver,Drug B,59.51,34.92,59.87,6.85,43.12,7.31,28.04,110.34,40.41,48.07,58.82,Severe Toxicity
liver,Drug C,40.13,6.95,86.93,7.253,81.32,3.3,9.74,82.39,73.65,86.59,78.81,Mild Toxicity
liver,Drug C,28.45,22.99,69.92,7.029,61.54,6.03,21.17,98.89,60.57,66.78,65.26,Severe Toxicity
kidney,Drug C,20.59,6.63,88.46,7.243,88.88,2.23,5.85,79.67,80.81,102.04,94.81,Mild Toxicity
kidney,Drug C,15.02,35.74,76.51,7.143,63.24,5.0,18.12,89.84,61.61,61.72,83.35,Mild Toxicity
liver,Drug C,40.17,22.6,60.1,6.979,44.01,7.87,29.21,45.9,44.33,42.8,61.8,Severe Toxicity
kidney,Drug C,20.58,20.14,81.48,7.093,72.27,4.34,14.67,89.9,71.25,85.38,78.2,Mild Toxicity
lungs,Drug C,59.55,24.7,40.66,6.661,15.16,12.0,46.6,33.84,16.66,9.25,41.96,Severe Toxicity
lungs,Drug C,34.47,34.8,51.44,6.802,29.25,10.22,37.87,30.6,25.68,11.37,46.04,Severe Toxicity
liver,Drug B,18.35,20.38,90.72,7.355,84.97,2.29,5.66,81.83,85.98,104.8,79.45,Normal
liver,Drug C,11.36,9.84,94.42,7.343,94.83,2.1,4.73,77.6,91.11,90.33,78.92,Normal
liver,Drug A,24.02,24.13,98.1,7.461,97.51,1.03,1.11,65.7,95.15,102.74,89.6,Normal
liver,Drug C,15.36,33.5,79.54,7.182,67.73,4.94,16.92,90.65,65.37,67.34,69.63,Mild Toxicity
lungs,Drug C,46.66,19.79,61.68,6.934,44.39,7.98,29.78,40.29,47.03,39.74,53.61,Severe Toxicity
lungs,Drug B,7.27,28.94,96.23,7.312,97.61,1.58,3.78,69.35,84.92,95.66,89.37,Normal
liver,Drug A,25.61,10.85,97.06,7.354,98.11,1.09,1.7,74.33,91.98,113.45,84.75,Normal
kidney,Drug B,39.85,22.41,81.1,7.22,77.81,3.68,12.46,88.99,69.64,97.18,80.83,Mild Toxicity
heart,Drug A,9.04,21.6,96.31,7.418,100.0,1.29,1.36,79.1,95.65,112.01,92.95,Normal
heart,Drug C,7.14,28.38,91.75,7.237,89.19,2.52,7.46,83.68,85.52,94.8,83.09,Mild Toxicity
heart,Drug B,22.79,10.92,90.75,7.361,93.16,2.04,4.59,82.36,92.89,105.71,89.74,Normal
heart,Drug A,51.49,26.25,94.14,7.372,97.08,0.77,1.39,71.09,92.33,113.71,97.55,Normal
liver,Drug A,3.4,9.75,98.9,7.399,94.68,1.3,1.41,73.96,93.48,106.13,83.89,Normal
heart,Drug C,38.8,27.89,54.7,6.88,35.8,9.19,34.81,38.8,29.53,40.42,59.39,Severe Toxicity
lungs,Drug B,45.2,15.77,87.11,7.242,80.85,3.68,10.66,84.19,74.31,84.6,81.68,Mild Toxicity
lungs,Drug C,24.53,21.11,74.78,7.146,68.02,5.22,17.79,94.01,60.26,82.25,73.13,Mild Toxicity
liver,Drug B,32.51,21.65,85.26,7.159,80.56,3.18,10.69,85.41,75.47,90.44,87.85,Mild Toxicity
liver,Drug A,54.14,9.96,98.41,7.397,97.79,1.08,1.98,77.46,89.63,100.19,102.16,Normal
kidney,Drug A,11.09,23.96,98.6,7.366,97.3,1.49,1.6,76.45,90.48,112.97,91.8,Normal
liver,Drug A,27.25,6.92,97.31,7.391,98.43,1.18,1.75,68.89,97.78,113.09,84.57,Normal
liver,Drug C,43.76,23.03,62.55,6.759,39.68,8.54,31.6,53.74,35.91,32.61,58.65,Severe Toxicity
heart,Drug C,8.54,31.18,88.23,7.257,82.46,2.97,9.91,82.01,76.27,97.21,97.26,Mild Toxicity
liver,Drug A,22.5,1.04,97.91,7.428,96.8,0.63,1.58,70.35,86.85,103.3,102.0,Normal
kidney,Drug B,41.89,5.39,95.58,7.318,91.99,1.65,4.56,78.56,80.5,116.45,92.26,Normal
kidney,Drug C,9.12,21.66,85.5,7.324,86.01,2.54,7.91,79.7,82.13,88.97,84.26,Mild Toxicity
liver,Drug C,32.86,13.58,82.37,7.178,75.12,4.26,14.62,87.99,67.61,87.58,91.15,Mild Toxicity
heart,Drug A,35.76,5.83,97.93,7.441,98.2,1.05,1.28,72.83,86.75,112.31,96.08,Normal
heart,Drug B,9.85,8.06,97.46,7.408,100.0,0.92,2.82,76.3,91.22,117.89,95.92,Normal
lungs,Drug B,13.64,28.97,92.25,7.248,90.55,2.57,5.91,83.42,76.52,91.15,82.39,Mild Toxicity
liver,Drug B,47.96,34.6,72.45,6.901,51.77,6.18,21.92,101.45,51.48,64.11,67.94,Severe Toxicity
heart,Drug C,56.66,6.42,83.72,7.166,70.98,3.82,12.53,79.24,75.29,82.2,80.66,Mild Toxicity
lungs,Drug A,19.54,30.78,100.0,7.431,95.4,1.11,1.59,71.32,83.15,107.28,90.42,Normal
kidney,Drug A,32.5,8.0,98.64,7.364,96.31,1.3,1.24,76.2,83.98,107.24,96.96,Normal
liver,Drug A,9.08,11.78,96.96,7.455,100.0,1.02,1.21,69.79,87.08,112.83,90.59,Normal
lungs,Drug C,20.4,3.99,91.9,7.286,93.67,1.96,3.93,79.13,88.11,97.17,91.89,Normal
heart,Drug B,39.93,11.95,92.89,7.291,84.85,2.4,8.46,80.16,83.32,88.73,86.95,Mild Toxicity
liver,Drug B,53.56,6.63,91.0,7.288,87.98,2.15,6.15,79.91,91.92,97.08,91.0,Normal
kidney,Drug A,7.1,9.23,94.94,7.424,99.18,0.91,1.65,74.5,95.2,115.45,94.16,Normal
lungs,Drug B,33.6,5.78,91.38,7.328,95.42,1.46,3.88,73.59,87.67,99.72,99.73,Normal
lungs,Drug A,44.04,34.07,93.05,7.36,93.97,0.96,1.18,79.34,92.68,105.52,82.41,Normal
lungs,Drug C,49.94,2.38,93.1,7.312,87.83,2.05,5.4,76.08,91.46,93.39,86.56,Normal
lungs,Drug A,40.88,11.3,98.57,7.441,94.31,1.11,1.39,62.07,97.5,111.63,90.29,Normal
heart,Drug A,22.27,3.38,99.42,7.352,98.8,0.96,1.01,69.28,91.93,105.23,91.01,Normal
lungs,Drug C,52.31,30.87,33.5,6.6,5.0,12.0,50.45,20.55,10.91,8.0,36.98,Severe Toxicity
kidney,Drug B,48.55,17.18,81.56,7.13,76.46,3.29,11.1,91.69,73.25,92.3,88.03,Mild Toxicity
heart,Drug A,55.0,29.67,92.82,7.286,100.0,0.9,0.85,61.97,90.27,105.81,93.62,Normal
lungs,Drug A,7.32,22.62,98.09,7.331,98.42,0.96,1.31,77.85,94.12,98.34,95.56,Normal
liver,Drug A,9.62,33.74,96.17,7.412,98.45,1.08,1.94,60.71,84.63,105.69,100.52,Normal
heart,Drug B,28.13,2.05,94.81,7.404,100.0,1.38,3.03,80.17,89.35,106.87,105.93,Normal
lungs,Drug A,27.83,2.36,97.02,7.425,98.35,1.0,2.44,77.07,94.4,98.56,101.0,Normal
lungs,Drug B,5.52,10.65,96.67,7.398,96.26,0.76,1.93,76.16,90.64,90.88,104.49,Normal
liver,Drug B,8.01,13.21,91.41,7.313,97.14,1.46,2.47,75.17,98.24,117.08,100.59,Normal
kidney,Drug C,40.04,17.85,67.59,7.064,56.02,6.45,24.31,99.69,54.65,59.24,67.41,Severe Toxicity
kidney,Drug A,18.98,33.19,99.02,7.467,97.53,1.37,1.24,70.66,96.16,111.46,101.78,Normal
liver,Drug A,13.29,8.36,94.96,7.431,97.21,1.03,0.97,71.25,91.25,101.33,94.25,Normal
kidney,Drug C,25.81,25.47,73.32,7.094,56.57,5.89,21.73,91.1,54.68,68.85,70.89,Mild Toxicity
kidney,Drug B,38.29,17.66,81.86,7.289,81.13,3.32,9.53,88.73,73.45,85.98,92.53,Mild Toxicity
kidney,Drug B,47.23,25.56,77.46,7.114,69.65,4.74,16.86,96.8,61.44,77.2,66.27,Mild Toxicity
kidney,Drug B,36.42,14.48,89.24,7.299,87.17,2.55,7.64,81.95,88.8,83.52,79.35,Normal
liver,Drug A,13.67,16.29,94.99,7.373,97.68,1.06,1.06,72.31,95.22,106.66,101.58,Normal
kidney,Drug A,26.69,27.16,95.73,7.412,99.26,1.18,2.07,72.88,90.16,112.12,91.18,Normal
kidney,Drug A,59.3,23.88,98.02,7.442,97.11,1.28,1.61,81.38,98.23,107.1,91.86,Normal
heart,Drug A,13.16,18.34,94.73,7.417,97.4,1.07,1.68,78.77,97.31,108.02,92.63,Normal
kidney,Drug B,14.05,3.45,96.51,7.453,96.2,1.21,2.28,75.68,92.48,102.95,101.74,Normal
lungs,Drug B,30.94,27.16,84.15,7.177,77.43,3.31,11.93,90.13,70.48,70.49,72.38,Mild Toxicity
heart,Drug B,57.3,15.01,80.93,7.189,76.35,3.5,12.22,98.03,75.23,82.87,90.03,Mild Toxicity
lungs,Drug C,54.06,34.93,21.22,6.6,5.0,12.0,59.98,20.0,8.0,8.0,21.98,Severe Toxicity
lungs,Drug A,39.9,18.29,95.48,7.387,95.35,1.08,1.32,82.2,87.31,103.83,85.96,Normal
lungs,Drug B,19.77,19.2,87.89,7.337,89.81,2.37,6.35,79.88,80.28,90.23,92.22,Normal
liver,Drug C,21.26,24.31,74.71,7.111,71.36,4.9,17.06,89.57,63.94,74.0,76.91,Mild Toxicity
liver,Drug B,36.26,4.52,98.04,7.307,94.98,1.81,2.61,80.14,91.67,100.71,83.17,Normal
lungs,Drug A,7.64,6.96,94.17,7.415,98.9,0.98,0.89,73.12,94.99,111.72,94.37,Normal
kidney,Drug B,59.39,2.59,94.85,7.332,96.63,1.69,4.33,68.78,88.06,99.02,91.07,Normal
lungs,Drug C,42.02,2.89,90.21,7.422,89.66,2.16,5.28,78.66,81.15,96.19,88.16,Normal
lungs,Drug A,8.1,6.05,100.0,7.407,95.45,1.28,1.94,68.92,88.78,108.06,96.2,Normal
kidney,Drug A,8.12,30.72,97.44,7.438,95.44,1.21,2.17,78.61,91.43,103.51,96.23,Normal
heart,Drug B,28.28,8.31,90.45,7.396,91.19,1.93,5.26,80.91,83.2,89.13,95.62,Normal
heart,Drug B,33.51,34.14,75.29,7.103,67.15,4.75,15.48,90.16,63.35,74.14,86.28,Mild Toxicity
heart,Drug C,24.16,14.83,83.7,7.246,77.6,3.44,12.56,93.36,75.22,67.91,83.73,Mild Toxicity
kidney,Drug B,31.13,8.19,97.45,7.31,92.87,1.74,4.54,71.69,88.12,88.23,86.58,Normal
heart,Drug A,39.91,24.42,94.46,7.403,94.01,1.15,1.87,66.77,91.86,108.49,96.53,Normal
kidney,Drug A,3.86,26.33,98.23,7.414,92.12,0.88,1.4,73.58,88.32,109.66,92.62,Normal
liver,Drug A,40.84,8.77,97.97,7.414,100.0,1.22,1.49,69.41,90.16,105.67,93.14,Normal
heart,Drug A,30.14,4.68,97.23,7.41,95.23,0.98,1.92,67.61,89.16,108.03,97.49,Normal
lungs,Drug C,28.38,31.4,58.15,6.965,47.96,7.65,28.71,47.11,49.21,61.0,55.63,Severe Toxicity
kidney,Drug B,41.69,23.38,80.51,7.082,77.1,4.37,13.83,95.86,77.19,81.64,78.17,Mild Toxicity
liver,Drug C,8.51,33.97,87.32,7.214,80.08,3.27,10.47,94.65,80.13,89.49,88.21,Mild Toxicity
kidney,Drug C,58.04,12.55,66.98,7.035,56.01,6.46,23.67,109.6,54.29,63.9,64.93,Severe Toxicity
kidney,Drug B,18.89,12.85,93.72,7.302,91.75,1.77,4.34,76.68,87.11,105.33,88.19,Normal
kidney,Drug A,17.16,33.35,100.0,7.417,96.48,0.83,1.63,72.55,89.48,110.88,102.25,Normal
kidney,Drug C,43.27,13.49,75.11,7.068,64.52,5.53,18.45,93.06,60.34,66.8,72.89,Mild Toxicity
heart,Drug A,57.66,6.57,97.69,7.48,94.28,1.07,1.36,77.83,91.4,106.67,91.56,Normal
kidney,Drug A,57.89,11.49,96.67,7.411,100.0,1.08,0.86,65.26,96.74,112.0,99.32,Normal
heart,Drug A,5.47,10.96,96.05,7.466,100.0,1.05,1.16,63.12,88.63,117.47,101.75,Normal
kidney,Drug B,52.18,1.8,95.75,7.364,95.58,1.43,2.29,73.07,83.37,109.71,83.1,Normal
heart,Drug A,14.59,12.96,96.74,7.387,100.0,0.97,1.41,58.34,87.88,106.98,103.16,Normal
liver,Drug A,33.1,35.31,99.43,7.461,98.4,1.17,1.42,73.61,92.86,102.91,94.02,Normal
lungs,Drug B,28.65,3.73,92.69,7.424,91.82,1.5,3.72,78.67,89.0,112.91,99.45,Normal
liver,Drug C,2.21,8.94,93.08,7.409,98.57,1.31,2.28,71.01,91.76,109.79,86.5,Normal
lungs,Drug A,15.01,23.06,95.35,7.355,99.09,0.87,1.01,76.04,87.83,111.85,87.77,Normal
lungs,Drug B,31.57,9.57,89.67,7.363,88.81,2.05,4.75,72.69,87.17,105.25,104.57,Normal
heart,Drug B,54.67,1.39,93.93,7.389,90.2,1.51,2.15,73.76,85.7,107.16,88.43,Normal
heart,Drug A,12.46,31.04,98.6,7.428,98.75,0.69,1.14,67.9,92.69,122.95,94.08,Normal
lungs,Drug B,13.84,29.98,92.05,7.269,83.73,2.25,6.66,77.57,85.17,98.16,84.24,Normal
lungs,Drug C,7.19,18.71,90.91,7.349,91.83,2.06,5.53,76.47,83.67,96.65,94.67,Normal
lungs,Drug B,39.52,8.67,88.6,7.306,89.55,2.04,5.84,83.21,84.04,101.91,93.64,Normal
kidney,Drug C,29.9,20.43,72.19,7.066,58.82,5.94,19.68,94.24,63.62,69.51,73.55,Mild Toxicity
lungs,Drug B,16.76,21.15,92.07,7.303,87.21,2.4,6.0,82.34,85.29,106.4,78.22,Normal
heart,Drug B,31.33,17.63,87.31,7.242,85.62,2.52,8.9,81.38,71.91,98.81,89.76,Mild Toxicity
kidney,Drug C,6.88,26.65,89.42,7.38,86.66,2.64,7.86,83.2,85.6,103.47,85.25,Normal
kidney,Drug A,53.24,9.74,98.91,7.367,95.17,0.8,1.5,69.64,90.56,109.59,100.05,Normal
heart,Drug A,18.12,6.85,96.83,7.422,99.27,1.3,1.6,71.83,91.18,103.36,100.08,Normal
heart,Drug A,37.4,10.69,97.25,7.413,95.97,0.87,1.33,77.52,95.81,117.33,103.65,Normal
lungs,Drug A,17.65,8.88,94.22,7.399,96.79,0.96,1.3,65.36,98.94,110.76,89.1,Normal
liver,Drug B,51.71,14.63,83.17,7.226,81.05,3.25,10.79,93.74,74.71,83.54,78.5,Mild Toxicity
lungs,Drug A,33.01,25.64,97.84,7.431,96.74,0.98,1.49,74.01,91.03,100.82,91.52,Normal
liver,Drug C,59.04,31.73,22.26,6.6,5.0,12.0,59.2,21.52,8.0,8.0,24.73,Severe Toxicity
heart,Drug C,17.29,30.92,74.96,7.101,66.08,5.17,18.47,96.88,66.2,86.31,69.11,Mild Toxicity
kidney,Drug A,19.33,8.84,94.98,7.434,98.36,1.01,1.35,70.41,91.85,109.46,90.1,Normal
heart,Drug C,3.12,21.88,94.63,7.35,96.8,1.36,4.15,75.74,87.32,100.2,84.59,Normal
liver,Drug B,47.14,18.29,83.77,7.176,76.74,3.59,12.55,80.19,70.21,81.81,86.09,Mild Toxicity
lungs,Drug C,6.78,2.23,97.92,7.461,96.05,1.04,2.05,79.68,90.17,105.96,95.45,Normal
kidney,Drug B,48.39,26.62,74.95,7.074,65.43,4.96,17.65,104.9,67.61,73.14,78.22,Mild Toxicity
heart,Drug B,19.26,2.91,98.47,7.388,95.9,1.27,1.89,72.01,95.01,95.36,104.25,Normal
heart,Drug B,38.18,31.62,77.64,7.071,70.68,4.79,16.85,95.65,63.0,77.64,76.08,Mild Toxicity
heart,Drug A,12.84,24.49,97.49,7.418,96.76,1.0,1.98,73.64,87.32,120.03,99.36,Normal
lungs,Drug C,24.67,30.3,64.93,6.998,55.53,6.76,24.88,101.8,46.83,62.37,68.95,Severe Toxicity
lungs,Drug A,22.62,12.15,100.0,7.454,95.22,0.98,1.51,75.77,92.3,109.5,88.15,Normal
liver,Drug B,50.82,13.88,81.83,7.164,76.91,3.25,10.08,86.71,78.35,81.35,83.87,Mild Toxicity
heart,Drug B,58.17,20.54,77.04,7.129,67.84,4.6,16.54,90.4,63.62,53.31,71.67,Mild Toxicity
lungs,Drug C,53.27,3.28,91.44,7.324,84.84,2.45,6.63,74.23,86.34,99.43,88.61,Normal
kidney,Drug B,44.39,19.54,80.68,7.193,76.89,3.59,12.88,90.95,73.06,79.55,77.1,Mild Toxicity
kidney,Drug A,8.87,14.31,99.19,7.348,98.98,0.91,1.58,73.57,89.91,100.96,84.7,Normal
heart,Drug C,48.02,33.81,32.04,6.6,5.0,12.0,50.65,25.45,8.98,8.0,35.64,Severe Toxicity
lungs,Drug C,52.25,31.39,34.71,6.6,5.0,12.0,50.99,35.3,8.0,8.0,28.8,Severe Toxicity
liver,Drug A,38.97,23.37,97.38,7.374,96.99,1.12,1.65,63.92,88.69,105.38,81.25,Normal
liver,Drug A,56.31,2.65,95.22,7.419,98.56,1.05,1.28,68.66,92.31,111.93,95.08,Normal
liver,Drug A,36.57,12.67,97.35,7.409,99.34,0.97,1.63,66.11,89.17,120.19,88.39,Normal
liver,Drug B,20.08,22.17,89.52,7.334,86.1,2.54,6.87,78.58,82.44,107.65,96.22,Normal
heart,Drug C,36.18,10.34,82.05,7.212,77.15,3.26,13.52,85.13,72.47,88.72,80.23,Mild Toxicity
lungs,Drug B,24.62,23.41,87.93,7.276,80.18,3.16,8.58,89.2,86.45,99.67,83.86,Mild Toxicity
liver,Drug B,10.96,11.72,95.06,7.383,97.38,1.37,3.45,72.03,88.03,109.12,97.03,Normal
liver,Drug C,38.64,29.67,53.49,6.801,29.66,9.67,36.36,53.05,29.54,17.51,47.12,Severe Toxicity
heart,Drug C,52.93,18.6,56.27,6.885,43.78,8.41,31.29,45.47,43.04,49.08,46.77,Severe Toxicity
heart,Drug A,55.32,30.41,96.52,7.387,100.0,0.85,1.43,62.57,92.99,119.65,100.25,Normal
heart,Drug C,13.47,14.74,89.3,7.294,83.25,2.58,7.49,83.95,77.04,83.1,89.22,Normal
kidney,Drug B,4.23,28.16,97.65,7.389,95.37,1.1,2.74,73.19,87.41,112.03,92.64,Normal
heart,Drug A,38.92,16.56,96.8,7.425,98.49,1.3,1.47,70.35,94.82,114.88,81.02,Normal
heart,Drug A,44.99,24.37,95.62,7.39,93.39,1.13,2.25,73.91,89.3,100.13,101.95,Normal
heart,Drug A,8.4,5.51,95.32,7.405,99.92,0.8,0.94,70.81,91.71,104.38,107.73,Normal
lungs,Drug A,26.15,26.37,98.01,7.405,97.84,1.48,1.54,70.22,92.16,109.42,91.84,Normal
heart,Drug C,4.19,33.18,90.84,7.22,89.98,2.35,6.12,81.44,90.9,97.99,77.87,Mild Toxicity
liver,Drug B,35.14,30.29,83.53,7.181,71.6,4.46,14.4,91.18,65.8,79.56,69.3,Mild Toxicity
kidney,Drug A,54.98,27.14,100.0,7.394,100.0,1.27,2.02,71.3,92.19,132.47,93.69,Normal
lungs,Drug C,44.8,5.25,89.12,7.243,83.66,2.9,8.42,89.65,77.93,83.46,89.83,Mild Toxicity
heart,Drug B,46.06,2.9,95.57,7.38,90.27,1.56,3.04,76.74,87.45,114.63,91.94,Normal
liver,Drug B,3.07,4.34,99.92,7.34,95.99,0.97,1.66,76.63,89.26,90.41,103.14,Normal
liver,Drug B,34.01,2.8,94.15,7.376,94.79,1.78,2.61,74.77,95.3,109.95,88.96,Normal
heart,Drug B,34.58,3.13,96.7,7.347,97.87,1.21,3.04,70.43,89.18,91.69,89.46,Normal
liver,Drug A,34.95,30.25,94.79,7.441,96.35,1.21,1.13,70.42,91.15,107.67,91.07,Normal
lungs,Drug B,17.46,30.52,84.93,7.209,85.64,2.52,8.2,84.91,81.74,88.18,86.47,Mild Toxicity
kidney,Drug C,3.57,11.57,95.09,7.368,100.0,1.17,2.33,78.57,91.51,113.41,84.21,Normal
liver,Drug C,21.45,3.95,94.17,7.326,94.59,1.93,3.28,77.3,85.97,96.98,88.79,Normal
lungs,Drug A,25.56,27.75,95.89,7.366,98.05,1.17,1.72,69.83,88.39,96.27,101.49,Normal
liver,Drug C,2.41,9.04,95.26,7.486,97.53,1.41,2.05,77.81,91.13,103.94,86.14,Normal
heart,Drug A,6.21,35.33,93.84,7.404,100.0,1.25,1.69,80.62,96.49,109.58,96.33,Normal
liver,Drug B,29.87,25.52,84.22,7.248,76.41,3.47,11.02,94.78,73.66,95.35,84.85,Mild Toxicity
heart,Drug B,6.42,21.84,94.9,7.256,98.41,1.57,2.83,77.22,96.01,104.27,97.65,Normal
heart,Drug A,30.5,30.75,97.34,7.389,99.45,1.06,2.07,66.4,93.87,99.45,95.93,Normal
kidney,Drug B,16.51,30.32,87.87,7.235,84.45,2.95,7.29,75.91,80.94,92.48,93.79,Mild Toxicity
heart,Drug C,22.1,22.11,79.59,7.177,71.89,4.87,16.37,86.21,61.02,69.81,63.36,Mild Toxicity
heart,Drug A,16.58,35.41,97.47,7.411,95.51,0.96,1.4,68.85,89.36,113.56,88.48,Normal
heart,Drug B,33.28,16.6,89.32,7.23,84.21,2.93,8.8,81.11,79.17,101.87,85.3,Mild Toxicity
heart,Drug B,4.79,19.9,94.99,7.385,93.74,1.53,3.42,61.18,86.78,108.21,92.92,Normal
lungs,Drug C,19.43,20.31,80.73,7.189,75.89,4.08,13.09,91.97,74.18,80.08,85.37,Mild Toxicity
heart,Drug A,34.64,11.87,96.63,7.419,94.39,1.25,1.58,80.72,93.1,112.95,84.94,Normal
kidney,Drug B,22.89,10.49,94.32,7.296,95.6,2.02,4.11,72.3,83.45,99.85,90.89,Normal
lungs,Drug A,26.65,1.9,98.89,7.421,95.75,1.02,1.49,75.62,90.25,116.44,93.13,Normal
kidney,Drug A,26.0,26.43,99.0,7.413,97.92,1.2,1.45,70.58,92.86,125.58,98.94,Normal
lungs,Drug B,44.26,28.0,79.7,7.08,64.67,4.59,16.66,95.91,63.62,72.87,82.34,Mild Toxicity
liver,Drug A,18.26,21.72,98.46,7.388,100.0,1.0,1.34,79.76,98.77,118.29,102.4,Normal
heart,Drug A,57.09,24.26,93.9,7.4,98.68,0.81,1.72,78.21,95.86,102.59,94.93,Normal
kidney,Drug C,52.54,25.52,46.61,6.638,20.11,10.74,42.04,34.78,20.31,10.89,47.5,Severe Toxicity
heart,Drug B,4.77,14.83,94.49,7.386,96.59,0.95,2.49,73.76,89.29,115.39,94.25,Normal
liver,Drug B,56.66,23.89,71.66,7.058,64.61,5.22,18.23,92.72,58.21,66.21,62.96,Mild Toxicity
kidney,Drug A,18.44,14.96,96.79,7.337,99.82,1.2,1.02,67.48,94.61,106.22,90.0,Normal
heart,Drug B,50.38,9.76,90.58,7.33,88.89,2.61,7.9,75.12,82.16,101.83,76.89,Normal
heart,Drug A,34.24,7.6,96.44,7.412,98.67,1.0,1.12,60.98,90.1,100.74,94.52,Normal
lungs,Drug B,2.49,14.69,95.44,7.353,97.34,0.99,1.53,68.04,93.91,92.97,86.39,Normal
liver,Drug C,21.67,31.23,72.1,7.043,58.72,6.5,21.91,94.91,50.56,57.01,79.11,Severe Toxicity
liver,Drug A,34.55,30.83,100.0,7.385,100.0,1.13,1.62,70.53,93.0,101.77,100.93,Normal
heart,Drug A,31.79,35.56,98.71,7.375,95.58,1.41,2.6,70.89,94.32,118.19,99.58,Normal
liver,Drug B,58.68,5.14,91.04,7.356,91.19,1.74,5.53,68.7,89.35,102.15,91.55,Normal
lungs,Drug C,41.79,32.53,42.15,6.63,18.82,11.24,43.05,35.8,22.52,23.76,38.62,Severe Toxicity
liver,Drug B,4.41,6.63,95.65,7.38,99.81,1.43,1.95,70.48,97.57,100.51,93.08,Normal
heart,Drug A,15.22,17.69,97.11,7.44,95.88,0.91,2.08,81.76,94.79,94.98,87.88,Normal
heart,Drug A,36.59,19.28,96.88,7.388,99.8,0.76,1.33,74.29,91.15,101.18,98.48,Normal
lungs,Drug A,3.94,20.73,98.83,7.402,95.79,1.08,1.31,76.91,96.66,108.61,90.85,Normal
lungs,Drug C,36.86,22.02,66.0,6.961,46.67,7.25,26.28,99.94,49.45,52.06,56.44,Severe Toxicity
kidney,Drug B,40.19,35.17,71.48,7.039,62.64,5.15,19.1,99.5,64.83,63.39,66.47,Severe Toxicity
kidney,Drug A,20.73,21.92,96.54,7.408,97.86,1.3,1.75,68.68,89.03,96.47,98.0,Normal
lungs,Drug A,33.07,21.0,92.88,7.341,100.0,1.07,1.63,67.85,94.46,112.28,96.33,Normal
liver,Drug B,8.64,16.28,95.6,7.378,99.3,1.61,2.56,75.95,90.57,105.71,90.06,Normal
kidney,Drug A,24.33,2.83,93.78,7.339,100.0,0.75,1.13,75.61,91.12,103.4,102.8,Normal
heart,Drug A,53.99,3.37,96.95,7.363,98.36,0.94,1.43,69.9,93.2,114.59,81.27,Normal
lungs,Drug C,22.61,13.47,86.26,7.209,76.91,3.34,11.25,89.13,73.9,87.71,82.12,Mild Toxicity
kidney,Drug A,16.5,33.44,95.31,7.341,96.72,1.06,1.4,71.16,83.47,96.4,98.33,Normal
liver,Drug A,25.0,18.12,98.05,7.453,100.0,0.99,1.29,73.05,91.6,105.74,104.57,Normal
liver,Drug A,15.58,7.62,94.94,7.364,98.37,0.96,1.54,71.31,90.32,108.93,109.06,Normal
heart,Drug C,24.49,18.03,76.68,7.156,75.42,4.16,15.02,82.12,66.59,83.02,75.36,Mild Toxicity
heart,Drug C,53.76,19.25,55.12,6.798,38.53,8.65,32.98,43.09,40.47,40.3,48.21,Severe Toxicity
lungs,Drug A,24.35,14.52,97.46,7.385,100.0,1.22,1.46,72.29,85.67,132.6,84.89,Normal
lungs,Drug A,34.41,26.96,95.15,7.375,95.25,1.33,2.1,70.73,88.69,103.33,96.22,Normal
heart,Drug A,22.43,5.97,98.42,7.368,94.73,1.0,1.88,72.82,97.55,114.56,95.46,Normal
heart,Drug B,47.0,35.67,66.71,7.013,58.48,6.05,22.35,107.58,55.42,52.03,58.78,Severe Toxicity
lungs,Drug B,3.5,33.81,92.32,7.282,95.46,1.48,2.7,71.92,83.5,79.71,96.31,Normal
liver,Drug A,14.51,2.64,98.92,7.444,94.19,1.03,1.15,71.66,86.63,110.61,90.38,Normal
liver,Drug C,55.1,4.41,88.48,7.236,85.53,2.83,8.7,78.49,84.04,96.5,84.69,Mild Toxicity
heart,Drug A,57.26,29.34,100.0,7.393,97.11,0.73,1.57,72.75,93.52,113.7,90.94,Normal
lungs,Drug A,13.49,3.29,98.36,7.396,100.0,1.02,1.74,72.33,84.55,113.04,96.54,Normal
liver,Drug B,8.01,10.46,93.18,7.41,98.81,1.3,2.26,75.69,96.25,116.22,94.35,Normal
kidney,Drug A,29.95,29.6,96.42,7.392,98.23,1.28,1.81,63.24,90.02,103.31,95.97,Normal
kidney,Drug A,45.01,22.76,96.32,7.359,98.18,1.04,1.13,68.79,90.88,109.57,101.9,Normal
heart,Drug B,17.46,7.24,92.7,7.343,97.62,1.51,2.94,76.25,87.97,113.77,86.18,Normal
lungs,Drug A,24.5,19.13,97.02,7.339,95.1,1.05,1.31,73.66,85.89,100.84,102.08,Normal
lungs,Drug B,7.86,8.69,94.09,7.402,94.74,1.1,2.52,74.49,87.36,101.42,92.26,Normal
heart,Drug C,25.63,21.55,74.67,7.106,63.16,5.39,19.0,95.56,64.45,66.31,76.24,Mild Toxicity
heart,Drug C,37.64,22.06,65.58,6.997,49.66,7.21,26.54,103.8,61.42,62.12,63.51,Severe Toxicity
kidney,Drug B,34.12,23.2,83.41,7.172,80.51,3.57,11.05,88.29,74.18,87.32,74.29,Mild Toxicity
kidney,Drug B,44.97,5.6,90.33,7.329,91.94,1.5,4.53,77.01,86.65,94.11,83.18,Normal
heart,Drug A,27.44,11.35,96.39,7.433,100.0,1.45,1.56,68.55,96.78,101.56,92.37,Normal
lungs,Drug C,46.16,18.12,67.93,6.969,50.81,7.62,27.04,105.55,51.99,52.25,63.21,Severe Toxicity
liver,Drug B,25.42,23.66,89.85,7.241,83.27,2.94,8.94,88.61,75.78,85.42,90.16,Mild Toxicity
heart,Drug B,3.88,16.5,96.47,7.401,100.0,1.07,2.48,68.27,83.21,102.27,92.67,Normal
liver,Drug A,46.4,17.75,96.6,7.435,99.21,0.99,0.98,67.31,91.36,109.25,85.38,Normal
liver,Drug A,24.77,9.34,96.52,7.368,99.06,1.02,1.23,70.25,91.42,106.87,92.53,Normal
lungs,Drug B,28.68,28.3,86.0,7.106,79.91,3.47,11.81,84.83,77.39,88.08,84.11,Mild Toxicity
liver,Drug C,42.62,19.05,66.62,6.972,46.05,7.04,25.67,97.67,47.38,48.55,63.52,Severe Toxicity
lungs,Drug B,19.32,25.63,90.41,7.202,85.65,2.4,7.36,83.7,82.88,95.39,81.09,Mild Toxicity
kidney,Drug A,19.81,29.25,97.05,7.432,100.0,1.12,1.95,76.08,88.42,114.2,104.82,Normal
kidney,Drug B,38.09,11.07,91.4,7.374,90.17,2.57,6.35,83.45,76.13,99.23,90.55,Normal
liver,Drug A,29.43,2.33,96.96,7.409,97.35,1.17,1.2,74.68,85.83,112.94,95.35,Normal
liver,Drug B,44.85,27.38,75.31,7.094,66.57,4.6,16.8,98.66,70.76,72.79,69.42,Mild Toxicity
liver,Drug B,7.67,14.31,93.48,7.339,95.32,1.68,2.88,71.83,88.4,96.5,103.65,Normal
heart,Drug B,22.38,25.02,87.43,7.315,82.76,2.67,9.3,82.03,79.94,92.91,88.93,Mild Toxicity
kidney,Drug C,44.07,22.12,62.47,6.849,40.25,8.42,31.27,43.57,35.82,33.99,48.93,Severe Toxicity
kidney,Drug B,55.71,22.29,73.86,7.103,69.06,4.83,16.96,95.15,65.36,68.24,65.03,Mild Toxicity
kidney,Drug A,25.84,35.84,97.43,7.422,96.86,1.26,0.88,71.24,94.06,105.49,93.63,Normal
kidney,Drug B,6.95,3.51,94.56,7.32,98.07,1.61,2.04,69.15,87.59,103.3,89.45,Normal
heart,Drug A,48.65,23.11,98.3,7.431,100.0,1.4,2.01,67.45,92.93,103.82,109.85,Normal
liver,Drug A,6.23,13.27,94.57,7.41,98.77,1.13,1.3,69.1,92.45,107.31,94.69,Normal
liver,Drug B,16.35,16.24,91.87,7.358,93.07,1.63,4.81,86.73,85.26,115.25,88.38,Normal
kidney,Drug B,45.17,10.2,89.25,7.27,90.24,2.56,7.59,76.81,81.63,102.2,78.67,Normal
heart,Drug C,7.87,15.18,96.55,7.323,86.42,2.07,4.7,80.21,95.38,92.36,88.05,Normal
liver,Drug B,54.33,15.78,82.24,7.182,77.13,3.58,11.61,88.52,65.86,85.66,81.48,Mild Toxicity
heart,Drug A,44.34,16.45,98.62,7.424,100.0,1.17,2.01,64.55,93.39,113.09,99.62,Normal
kidney,Drug C,37.01,5.44,90.53,7.311,89.6,2.71,8.11,84.18,81.47,106.87,86.04,Mild Toxicity
kidney,Drug B,17.51,26.27,90.39,7.243,88.34,2.24,7.16,81.66,86.47,93.23,86.82,Mild Toxicity
liver,Drug B,25.22,34.27,81.87,7.205,75.76,3.61,12.55,90.46,78.25,79.51,70.56,Mild Toxicity
liver,Drug B,41.14,9.21,90.41,7.266,89.52,2.26,6.35,81.58,82.16,95.04,97.09,Normal
liver,Drug B,5.53,21.23,96.66,7.389,92.51,1.18,2.86,71.96,88.02,94.85,93.71,Normal
liver,Drug A,49.94,10.52,95.15,7.381,96.82,1.06,1.0,60.41,95.88,113.48,93.24,Normal
lungs,Drug B,28.06,35.43,78.3,7.137,73.5,4.02,14.17,94.83,70.78,70.46,77.95,Mild Toxicity
lungs,Drug A,44.29,6.9,95.66,7.365,99.66,1.1,1.4,70.9,91.15,96.68,101.46,Normal
liver,Drug B,28.78,14.5,90.54,7.324,89.54,2.12,6.16,79.08,81.83,93.65,80.33,Normal
liver,Drug C,57.23,33.92,22.55,6.6,5.0,12.0,60.0,20.0,8.0,8.0,24.2,Severe Toxicity
liver,Drug C,6.3,26.21,90.05,7.315,86.83,2.29,6.67,84.87,83.38,95.54,87.0,Normal
lungs,Drug B,29.65,4.19,93.1,7.309,95.21,1.49,3.34,65.09,89.34,116.5,90.1,Normal
lungs,Drug C,23.99,24.74,72.21,7.059,63.3,5.73,19.5,103.45,61.69,69.58,78.43,Mild Toxicity
kidney,Drug B,36.89,3.05,100.0,7.359,94.8,1.38,2.48,70.39,89.46,112.1,97.94,Normal
heart,Drug A,33.04,33.11,99.21,7.419,98.6,0.91,1.18,71.06,88.17,117.76,99.86,Normal
kidney,Drug C,50.62,18.14,59.93,6.92,49.18,8.25,30.01,44.91,44.72,51.91,60.17,Severe Toxicity
liver,Drug B,7.49,29.5,92.48,7.358,91.7,1.57,4.69,86.53,87.59,87.69,97.42,Normal
lungs,Drug C,56.26,18.67,55.74,6.851,36.79,8.78,33.29,31.7,34.83,39.51,59.59,Severe Toxicity
heart,Drug A,7.96,34.8,95.72,7.435,97.9,0.96,1.43,69.77,90.53,103.75,86.75,Normal
kidney,Drug C,31.78,7.71,89.04,7.245,83.93,2.74,9.79,81.92,79.05,81.31,86.65,Mild Toxicity
kidney,Drug A,59.26,29.14,94.04,7.407,96.0,1.33,2.01,70.89,97.36,110.6,87.93,Normal
lungs,Drug C,16.73,22.74,84.2,7.165,76.03,3.75,12.67,90.53,73.59,90.18,80.34,Mild Toxicity
lungs,Drug B,37.44,21.15,81.91,7.224,78.99,3.49,11.83,95.87,74.28,80.38,84.69,Mild Toxicity
liver,Drug A,54.76,20.82,97.9,7.396,97.9,0.81,1.26,67.7,92.69,104.24,90.6,Normal
kidney,Drug A,52.12,2.29,98.14,7.426,100.0,1.17,1.53,71.64,85.89,98.4,99.4,Normal
heart,Drug C,23.11,4.35,93.14,7.34,91.53,1.85,4.78,85.86,81.88,105.39,103.8,Normal
liver,Drug C,55.15,30.62,30.1,6.6,5.0,12.0,52.95,26.7,8.0,8.0,26.46,Severe Toxicity
heart,Drug B,53.54,31.97,67.27,6.945,52.44,6.42,22.74,103.34,51.9,63.82,76.41,Severe Toxicity
liver,Drug C,54.6,6.83,85.16,7.207,74.28,3.85,12.84,82.26,70.8,82.5,85.94,Mild Toxicity
liver,Drug C,34.13,19.44,70.33,7.081,60.31,6.18,21.31,104.12,57.62,52.21,60.91,Mild Toxicity
lungs,Drug A,35.07,18.85,95.94,7.396,97.1,1.28,1.15,62.69,85.84,110.01,96.77,Normal
kidney,Drug B,31.8,32.92,79.72,7.111,72.45,3.99,14.97,93.49,66.62,72.09,77.22,Mild Toxicity
heart,Drug A,59.81,24.07,96.96,7.425,96.64,1.49,1.53,74.28,87.23,110.79,87.77,Normal
lungs,Drug B,26.76,29.57,85.16,7.183,78.9,2.93,11.26,79.84,79.21,70.36,90.75,Mild Toxicity
kidney,Drug A,41.57,15.61,93.97,7.413,96.83,0.96,1.24,71.02,100.0,103.33,95.25,Normal
liver,Drug B,18.26,25.08,87.89,7.288,84.24,2.02,7.13,76.56,80.32,106.0,96.81,Normal
liver,Drug C,51.8,27.25,45.87,6.737,18.17,11.71,44.4,30.65,22.1,8.0,37.2,Severe Toxicity
lungs,Drug B,16.35,4.82,95.57,7.373,96.67,0.92,2.0,71.72,87.26,105.45,105.15,Normal
heart,Drug B,21.68,19.16,89.32,7.286,85.58,2.35,7.18,78.01,79.24,111.4,88.39,Normal
liver,Drug C,35.13,15.5,74.04,7.062,71.21,5.23,17.96,93.05,60.17,71.01,81.71,Mild Toxicity
liver,Drug A,26.57,35.25,95.81,7.392,98.66,1.19,1.17,70.59,98.04,112.92,100.14,Normal
liver,Drug B,38.85,4.73,94.22,7.365,93.63,1.97,3.86,77.01,87.64,112.87,96.64,Normal
kidney,Drug A,26.53,10.98,97.85,7.389,99.63,0.99,2.17,71.01,97.42,121.53,85.35,Normal
kidney,Drug A,42.28,29.71,94.75,7.426,93.68,0.97,1.15,74.71,96.96,113.5,87.55,Normal
heart,Drug C,39.3,9.5,79.22,7.181,72.25,3.78,13.4,82.82,70.99,79.33,71.51,Mild Toxicity
heart,Drug A,12.89,28.28,96.84,7.379,97.93,1.0,1.95,81.12,93.21,111.68,94.23,Normal
liver,Drug A,35.62,11.98,96.32,7.416,99.38,1.74,1.46,63.31,94.21,107.76,86.36,Normal
liver,Drug A,31.04,26.71,95.09,7.389,98.91,0.85,1.37,62.84,93.87,113.64,102.89,Normal
lungs,Drug B,23.65,6.67,95.52,7.401,93.76,1.32,3.02,85.59,92.65,114.81,95.57,Normal
liver,Drug A,19.75,35.56,100.0,7.484,100.0,1.11,1.51,70.55,93.91,93.7,100.14,Normal
lungs,Drug B,19.86,29.41,86.57,7.222,78.97,2.94,8.95,84.78,77.9,78.4,78.68,Mild Toxicity
liver,Drug A,40.07,8.25,96.72,7.389,93.96,1.21,0.95,71.65,92.09,113.72,89.26,Normal
heart,Drug A,52.45,4.11,96.13,7.431,100.0,1.18,1.38,73.54,92.39,102.11,100.54,Normal
liver,Drug B,31.53,20.43,84.13,7.223,84.24,3.08,9.56,86.84,80.01,101.22,83.34,Mild Toxicity
kidney,Drug C,24.85,26.61,72.48,7.026,55.5,5.85,22.14,93.26,61.37,76.09,68.36,Severe Toxicity
kidney,Drug B,59.81,5.95,90.3,7.272,87.51,2.11,5.73,80.54,86.22,107.08,80.64,Normal
heart,Drug A,55.67,15.02,98.06,7.436,99.05,1.04,1.29,69.09,98.27,114.29,96.76,Normal
kidney,Drug C,3.31,12.19,95.34,7.356,93.62,1.52,2.59,74.17,83.71,100.81,94.64,Normal
kidney,Drug B,31.38,29.15,79.42,7.133,75.72,3.62,12.54,93.02,74.93,88.22,78.14,Mild Toxicity
lungs,Drug A,6.37,3.66,94.95,7.46,100.0,1.26,1.17,71.12,96.4,107.59,92.58,Normal
kidney,Drug B,32.36,18.21,85.94,7.209,83.15,2.76,9.24,78.66,81.08,98.24,81.97,Mild Toxicity
kidney,Drug C,30.52,29.09,62.38,6.924,47.34,7.54,28.07,51.57,40.02,50.75,72.87,Severe Toxicity
kidney,Drug C,59.87,19.46,51.05,6.866,26.91,9.76,37.12,41.24,29.22,22.51,53.45,Severe Toxicity
kidney,Drug A,27.86,19.48,95.95,7.481,97.43,1.21,0.84,69.97,92.51,128.45,98.65,Normal
liver,Drug A,34.49,22.24,93.77,7.47,95.38,1.19,1.1,72.88,94.46,121.98,101.54,Normal
heart,Drug C,30.38,19.67,75.83,7.083,58.72,5.58,19.8,97.13,57.73,80.72,87.41,Mild Toxicity
lungs,Drug C,35.56,35.35,46.45,6.714,24.41,10.46,39.96,40.18,29.62,25.19,46.63,Severe Toxicity
heart,Drug A,21.03,27.97,96.69,7.409,100.0,1.07,2.29,69.17,88.48,105.88,101.39,Normal
lungs,Drug C,28.29,24.14,74.15,7.077,60.12,5.96,22.33,99.35,60.84,56.83,68.29,Severe Toxicity
lungs,Drug B,28.34,17.0,89.12,7.337,84.2,2.51,7.1,73.67,77.84,94.1,75.85,Normal
heart,Drug C,18.0,5.32,91.23,7.355,93.96,1.94,5.23,77.05,92.3,103.93,79.17,Normal
lungs,Drug B,2.57,27.02,97.67,7.463,95.25,1.09,1.71,69.8,88.98,105.15,98.57,Normal
lungs,Drug A,12.4,24.18,94.77,7.388,95.43,1.01,1.81,71.33,89.39,106.62,94.53,Normal
heart,Drug A,50.77,10.01,99.57,7.395,97.59,1.05,1.49,65.84,98.27,114.0,99.76,Normal
liver,Drug B,31.07,14.84,88.82,7.309,82.82,2.18,7.1,78.92,79.86,98.97,88.34,Normal
kidney,Drug C,25.85,26.65,68.49,7.043,56.23,6.02,22.83,93.5,53.16,52.83,67.57,Severe Toxicity
liver,Drug A,42.0,24.58,98.13,7.454,97.47,1.01,1.18,70.22,95.65,107.6,106.13,Normal
liver,Drug A,39.26,15.66,98.79,7.388,100.0,1.01,1.39,76.4,91.26,117.52,97.44,Normal
liver,Drug B,18.01,23.91,90.0,7.265,87.99,2.45,6.43,80.0,86.31,91.52,83.32,Normal
liver,Drug C,26.31,16.46,82.77,7.116,71.44,4.3,14.91,82.1,70.75,70.94,64.8,Mild Toxicity
heart,Drug A,14.31,34.04,96.35,7.427,96.87,0.89,0.66,73.46,92.19,108.24,92.86,Normal
heart,Drug C,9.98,14.54,93.87,7.29,92.69,1.9,6.16,77.84,92.42,79.57,98.87,Normal
liver,Drug A,18.31,5.13,97.9,7.401,98.25,1.07,1.4,65.57,88.76,94.63,96.36,Normal
heart,Drug B,51.06,32.36,71.84,7.031,57.19,6.32,22.12,107.25,50.89,49.84,69.5,Severe Toxicity
liver,Drug A,14.6,21.03,96.57,7.37,99.55,1.43,1.75,76.02,87.22,112.68,103.83,Normal
heart,Drug A,24.23,25.56,98.46,7.389,98.7,1.02,1.58,84.41,96.04,104.57,94.97,Normal
heart,Drug C,38.74,27.92,52.81,6.915,37.51,9.35,34.47,48.1,33.2,48.74,50.18,Severe Toxicity
liver,Drug A,3.96,30.24,95.28,7.392,99.02,1.34,1.48,71.59,97.7,106.8,91.45,Normal
kidney,Drug C,27.07,34.58,58.3,6.951,43.1,8.0,29.52,51.52,52.37,50.58,62.7,Severe Toxicity
heart,Drug B,17.3,9.23,95.2,7.299,93.25,1.66,3.85,79.12,87.48,107.94,89.71,Normal
heart,Drug B,52.98,12.69,86.49,7.267,81.33,3.23,10.06,79.84,79.24,91.18,93.2,Mild Toxicity
heart,Drug C,53.8,13.38,69.22,6.949,52.97,6.5,23.69,94.65,50.9,63.16,57.39,Severe Toxicity
lungs,Drug C,47.34,3.48,91.86,7.329,90.97,1.91,6.67,81.41,89.12,103.07,89.21,Normal
kidney,Drug C,58.09,3.39,87.21,7.298,82.34,2.7,7.94,76.42,85.59,95.24,83.17,Normal
kidney,Drug B,9.81,7.98,95.39,7.408,91.85,1.44,2.24,72.05,87.38,99.61,89.53,Normal
liver,Drug B,10.94,7.94,93.74,7.428,98.74,1.3,2.4,69.1,85.31,106.86,92.43,Normal
liver,Drug B,57.08,24.67,75.76,7.022,61.68,5.62,18.58,102.91,60.42,67.38,70.12,Severe Toxicity
lungs,Drug B,9.4,24.08,93.33,7.339,94.55,1.88,4.2,72.91,88.88,102.6,99.9,Normal
liver,Drug B,29.12,10.02,91.15,7.384,95.36,2.02,5.37,74.44,85.89,88.96,88.53,Normal
heart,Drug A,26.06,31.23,98.89,7.308,93.72,0.81,1.72,76.26,86.89,117.88,97.31,Normal
kidney,Drug A,34.5,9.54,95.66,7.418,96.53,0.98,1.43,72.8,89.42,109.06,99.58,Normal
liver,Drug A,37.57,29.37,97.39,7.36,98.1,1.22,1.65,74.39,92.92,108.26,96.49,Normal
heart,Drug B,40.39,27.1,79.33,7.123,73.39,4.47,14.68,93.28,62.94,69.94,75.13,Mild Toxicity
liver,Drug A,35.31,19.35,94.55,7.415,97.86,1.15,2.02,68.66,90.2,106.85,104.66,Normal
heart,Drug B,17.68,15.89,92.05,7.287,91.6,1.8,5.03,72.3,84.07,84.04,87.96,Normal
heart,Drug B,22.26,15.05,90.55,7.332,91.5,1.92,5.45,76.28,76.5,95.16,78.32,Normal
heart,Drug C,20.04,13.24,84.44,7.264,80.05,2.76,8.93,85.48,81.31,87.07,82.5,Mild Toxicity
liver,Drug A,38.23,32.98,97.78,7.396,97.95,1.16,1.65,69.14,84.69,116.58,92.78,Normal
kidney,Drug B,22.08,8.26,95.89,7.275,95.67,1.89,3.66,80.4,86.92,97.59,79.18,Normal
kidney,Drug B,10.99,23.78,93.05,7.329,91.89,1.48,4.91,76.75,84.48,86.69,90.23,Normal
liver,Drug B,54.07,3.57,93.14,7.371,94.55,1.45,3.75,74.38,91.32,97.82,93.08,Normal
lungs,Drug B,9.36,11.68,95.11,7.397,97.88,1.54,3.21,82.37,88.14,99.81,95.98,Normal
liver,Drug B,52.51,4.64,93.8,7.327,92.14,1.68,4.4,76.74,90.21,108.39,77.97,Normal
lungs,Drug A,45.59,19.3,95.13,7.397,100.0,0.89,1.53,72.17,90.68,104.66,101.48,Normal
heart,Drug B,2.75,7.57,97.04,7.334,100.0,1.15,2.03,73.71,93.57,113.36,82.51,Normal
liver,Drug C,22.96,10.65,86.0,7.23,84.17,3.08,8.63,76.82,85.28,92.55,82.75,Mild Toxicity
liver,Drug C,30.46,11.95,79.95,7.221,73.35,3.83,12.6,75.91,70.36,75.65,77.79,Mild Toxicity
heart,Drug B,33.87,21.9,82.51,7.284,79.28,3.18,10.7,86.42,75.95,85.09,78.23,Mild Toxicity
heart,Drug A,44.39,29.44,97.58,7.418,98.64,1.19,1.83,64.64,96.91,107.52,94.64,Normal
heart,Drug C,4.21,16.06,90.3,7.358,91.31,1.61,4.11,78.92,89.01,109.7,97.96,Normal
kidney,Drug A,21.04,21.82,95.69,7.366,95.86,1.04,1.64,73.49,92.86,105.03,88.75,Normal
heart,Drug C,31.87,3.4,91.9,7.328,89.65,1.83,4.88,75.14,86.69,118.46,100.07,Normal
kidney,Drug B,18.61,33.16,88.22,7.229,83.03,2.86,9.34,82.08,72.14,94.73,83.01,Mild Toxicity
heart,Drug A,12.33,12.14,98.26,7.344,95.81,1.02,2.21,76.29,88.8,111.53,92.33,Normal
lungs,Drug C,23.7,9.22,89.66,7.317,79.79,2.86,7.92,75.03,82.37,87.4,87.19,Mild Toxicity
heart,Drug C,11.61,11.4,92.41,7.377,86.35,2.07,5.51,69.32,86.21,89.33,99.04,Normal
liver,Drug B,23.35,18.66,88.89,7.277,83.32,2.62,7.57,74.82,80.45,89.83,92.33,Normal
liver,Drug A,14.93,14.59,95.47,7.358,100.0,1.08,1.33,76.4,95.2,106.06,86.59,Normal
liver,Drug A,9.97,21.35,96.68,7.426,100.0,0.85,1.61,70.38,89.6,104.0,97.09,Normal
heart,Drug C,4.57,15.37,94.6,7.312,92.02,1.55,3.57,70.82,87.09,94.16,95.52,Normal
kidney,Drug B,53.68,35.55,65.07,6.916,46.78,7.17,25.74,104.15,51.59,57.37,64.42,Severe Toxicity
lungs,Drug B,23.9,28.91,84.75,7.241,80.14,3.52,10.09,80.48,79.8,83.83,85.21,Mild Toxicity
liver,Drug C,25.02,33.92,65.22,6.962,46.23,7.42,28.04,106.25,46.95,42.97,58.02,Severe Toxicity
kidney,Drug A,59.71,5.75,97.75,7.383,99.48,0.97,1.64,77.61,96.06,111.62,97.04,Normal
heart,Drug A,4.38,32.49,95.08,7.444,100.0,1.3,1.39,70.78,96.33,95.66,103.13,Normal
kidney,Drug C,58.24,15.18,63.58,6.914,45.42,7.47,28.91,43.39,50.03,40.17,61.44,Severe Toxicity
heart,Drug A,38.45,13.85,95.8,7.357,95.69,1.24,0.7,69.76,91.86,110.57,97.44,Normal
heart,Drug A,10.22,33.7,98.27,7.38,98.02,0.84,1.67,80.27,90.72,87.22,95.53,Normal
lungs,Drug B,50.95,1.34,93.1,7.37,97.19,1.24,2.48,73.26,93.65,109.26,88.41,Normal
heart,Drug B,34.31,17.52,86.28,7.225,83.94,2.87,8.89,90.38,77.11,84.7,84.0,Mild Toxicity
kidney,Drug A,8.04,10.11,94.21,7.359,97.89,1.08,2.48,72.92,91.99,111.44,96.48,Normal
heart,Drug B,34.57,23.66,82.17,7.189,76.9,3.53,11.87,91.49,72.61,77.6,81.01,Mild Toxicity
liver,Drug C,32.88,20.27,69.55,6.975,58.63,6.12,21.21,88.74,53.78,77.15,68.11,Severe Toxicity
lungs,Drug C,42.67,6.69,85.53,7.268,78.8,2.98,10.11,77.13,73.16,93.78,80.89,Mild Toxicity
heart,Drug B,59.4,23.5,73.28,7.063,65.1,5.2,18.87,100.15,63.52,66.91,77.21,Mild Toxicity
kidney,Drug C,5.93,6.23,97.35,7.427,95.76,1.16,3.29,78.12,85.66,99.99,87.39,Normal
liver,Drug A,28.99,32.36,97.83,7.4,96.45,0.96,0.53,65.3,89.59,106.32,102.16,Normal
kidney,Drug B,11.75,8.66,94.63,7.452,96.32,1.48,2.81,78.03,88.1,114.96,98.48,Normal
heart,Drug A,48.29,32.96,98.01,7.389,99.57,1.14,1.46,77.87,87.94,111.81,85.56,Normal
liver,Drug A,33.61,16.11,100.0,7.381,98.12,0.92,1.1,77.01,91.37,114.31,94.24,Normal
kidney,Drug A,9.1,3.43,100.0,7.409,94.98,1.35,1.48,82.7,96.34,92.9,100.3,Normal
heart,Drug A,57.04,23.89,96.19,7.383,95.46,1.17,1.46,71.03,93.93,111.63,90.29,Normal
kidney,Drug A,59.99,34.99,95.72,7.383,97.23,1.02,1.12,74.94,92.48,99.57,83.54,Normal
lungs,Drug A,3.42,25.37,98.28,7.381,96.81,1.29,1.33,74.81,92.07,114.72,93.7,Normal
liver,Drug B,29.17,21.34,88.28,7.246,85.19,3.09,9.49,86.48,76.05,88.58,80.63,Mild Toxicity
liver,Drug B,54.38,28.67,68.91,7.013,60.18,5.55,20.84,98.43,47.8,68.87,70.22,Severe Toxicity
lungs,Drug B,2.91,18.59,100.0,7.384,100.0,1.55,2.6,70.95,87.13,116.97,89.12,Normal
kidney,Drug A,37.7,18.24,96.62,7.405,100.0,0.86,1.54,78.5,89.39,113.95,88.7,Normal
heart,Drug B,8.45,15.32,93.28,7.351,95.57,1.18,3.43,81.87,91.46,100.41,100.49,Normal
liver,Drug A,35.24,21.38,96.0,7.418,99.42,0.9,1.49,67.25,88.23,100.95,90.89,Normal
kidney,Drug A,16.42,15.65,98.46,7.375,99.8,0.95,1.71,76.95,95.7,111.0,87.2,Normal
liver,Drug C,31.52,33.74,51.9,6.82,36.03,8.73,33.43,42.48,35.7,34.65,45.84,Severe Toxicity
heart,Drug B,48.36,2.67,94.63,7.362,96.05,1.25,3.97,74.02,90.14,103.18,98.43,Normal
heart,Drug C,4.29,18.37,94.85,7.28,90.87,1.81,4.77,80.4,86.87,112.05,92.6,Normal
kidney,Drug C,58.42,34.0,20.0,6.6,5.0,12.0,60.0,20.0,8.0,8.0,27.75,Severe Toxicity
heart,Drug B,30.39,27.02,79.37,7.138,79.27,3.59,12.13,75.96,76.9,92.28,77.79,Mild Toxicity
liver,Drug A,24.66,1.16,97.68,7.431,100.0,1.24,0.66,67.83,93.37,108.34,97.55,Normal
heart,Drug C,57.22,15.01,60.03,6.948,49.67,7.64,27.46,106.38,48.49,43.38,63.87,Severe Toxicity
lungs,Drug A,55.57,15.76,97.98,7.451,98.04,0.88,2.26,64.63,93.21,103.69,106.3,Normal
lungs,Drug A,54.47,27.88,96.66,7.392,96.22,1.19,1.27,69.8,88.54,105.52,104.31,Normal
heart,Drug C,49.58,22.47,52.23,6.804,32.03,9.38,36.17,34.37,38.25,26.04,58.41,Severe Toxicity
kidney,Drug A,59.14,20.45,94.52,7.365,96.01,0.99,1.37,68.15,91.26,95.48,101.52,Normal
liver,Drug B,30.58,30.98,80.42,7.185,70.79,3.69,13.36,84.77,73.3,75.04,74.59,Mild Toxicity
liver,Drug A,10.84,24.69,96.36,7.417,100.0,0.81,2.05,74.57,95.3,100.24,92.38,Normal
heart,Drug B,8.92,29.13,92.73,7.303,93.04,1.68,5.04,79.33,91.42,97.13,98.57,Normal
heart,Drug C,14.84,31.68,80.66,7.175,66.75,4.43,16.35,81.31,69.63,62.18,76.04,Mild Toxicity
kidney,Drug A,31.26,4.12,100.0,7.351,100.0,0.77,1.61,55.33,97.37,117.47,96.68,Normal
kidney,Drug A,46.93,4.25,96.16,7.362,96.86,1.15,1.61,72.05,92.23,100.39,87.51,Normal
kidney,Drug C,43.36,13.48,73.05,7.047,66.43,5.32,19.59,93.03,61.68,72.75,64.7,Severe Toxicity
lungs,Drug C,22.01,30.49,69.65,7.012,60.91,6.04,22.11,98.79,59.96,72.67,74.12,Severe Toxicity
kidney,Drug C,4.59,3.16,96.27,7.371,100.0,1.18,1.81,58.66,95.73,114.61,89.9,Normal
kidney,Drug B,56.78,6.66,90.96,7.294,91.43,2.17,5.92,77.88,79.81,102.69,91.01,Normal
kidney,Drug B,23.22,29.31,84.52,7.157,84.29,2.96,9.95,79.66,73.86,76.21,83.67,Mild Toxicity
lungs,Drug A,40.47,21.93,99.43,7.435,98.78,0.67,0.87,78.96,99.97,130.32,86.03,Normal
heart,Drug C,42.98,4.97,89.13,7.314,85.71,2.45,7.99,84.84,80.78,101.7,93.69,Normal
heart,Drug A,59.43,27.64,95.46,7.386,100.0,0.95,2.51,72.73,87.41,113.2,86.21,Normal
heart,Drug C,40.44,3.99,91.01,7.347,84.57,1.94,5.57,81.32,86.11,97.32,91.29,Normal
lungs,Drug B,3.99,23.81,92.05,7.43,96.29,1.18,2.87,71.18,85.71,108.27,87.43,Normal
kidney,Drug B,4.27,10.94,95.62,7.43,96.81,0.77,2.58,70.36,88.31,108.95,102.04,Normal
heart,Drug C,26.97,35.43,58.99,6.918,42.62,8.23,30.71,45.05,45.84,33.25,59.76,Severe Toxicity
lungs,Drug C,31.07,13.39,78.24,7.206,75.79,4.4,13.93,96.23,73.71,95.09,69.88,Mild Toxicity
heart,Drug B,14.3,8.61,95.06,7.37,93.46,1.21,3.22,74.34,91.85,110.62,83.6,Normal
kidney,Drug A,6.55,17.94,96.68,7.363,95.41,0.88,1.28,77.48,91.32,102.61,84.73,Normal
heart,Drug C,48.58,2.08,91.47,7.357,95.78,1.85,4.84,83.42,90.37,92.76,92.8,Normal
liver,Drug A,27.01,4.9,95.27,7.391,100.0,0.99,1.37,83.35,86.42,112.99,105.71,Normal
lungs,Drug A,21.2,8.12,94.59,7.413,100.0,1.51,1.53,70.83,85.14,101.44,89.81,Normal
liver,Drug A,58.5,35.92,97.25,7.451,95.81,1.01,1.43,62.92,93.01,115.44,99.09,Normal
kidney,Drug B,38.02,7.7,92.93,7.231,91.88,1.96,4.65,76.13,83.16,100.09,83.65,Mild Toxicity
kidney,Drug C,40.57,24.25,57.85,6.884,39.98,8.58,31.11,41.32,40.32,45.38,56.56,Severe Toxicity
kidney,Drug A,3.0,31.66,96.74,7.415,94.68,0.87,1.46,62.27,92.78,107.67,92.49,Normal
lungs,Drug A,47.63,29.35,99.27,7.38,96.82,1.48,0.98,70.44,90.44,115.58,90.71,Normal
heart,Drug B,40.49,27.17,77.25,7.095,68.7,4.17,15.09,91.06,61.5,78.36,79.67,Mild Toxicity
kidney,Drug A,57.32,9.29,100.0,7.326,97.44,1.38,1.54,65.14,94.86,125.01,92.1,Normal
liver,Drug B,50.43,17.63,83.84,7.165,74.83,3.72,13.14,89.52,71.89,80.95,78.35,Mild Toxicity
heart,Drug A,48.35,27.58,98.71,7.339,98.39,1.33,1.4,63.28,99.92,124.39,94.32,Normal
kidney,Drug C,56.55,9.96,75.53,7.095,61.23,5.58,18.68,96.15,54.92,79.27,74.35,Mild Toxicity
heart,Drug C,28.6,14.93,81.1,7.224,72.93,3.89,14.38,88.12,68.73,82.74,78.72,Mild Toxicity
lungs,Drug B,29.99,27.84,82.69,7.217,76.83,3.93,11.47,88.43,70.13,85.77,79.57,Mild Toxicity
kidney,Drug A,45.19,30.82,98.42,7.373,99.93,1.08,1.2,76.63,91.53,108.89,96.12,Normal
heart,Drug B,37.0,17.72,86.96,7.237,84.46,2.87,10.01,86.6,77.62,101.23,80.66,Mild Toxicity
lungs,Drug A,28.42,6.48,100.0,7.406,98.77,0.89,1.61,69.96,90.75,111.95,99.49,Normal
kidney,Drug A,41.22,31.5,93.11,7.415,96.57,1.02,1.27,65.46,99.69,103.24,93.3,Normal
lungs,Drug A,42.67,21.71,97.73,7.377,100.0,1.29,1.44,73.59,92.73,88.67,95.17,Normal
kidney,Drug A,48.46,10.22,96.76,7.397,96.12,0.83,1.72,68.0,90.82,112.24,96.38,Normal
heart,Drug A,39.55,20.83,98.19,7.399,93.81,0.67,0.74,74.74,93.71,100.14,88.67,Normal
kidney,Drug A,42.6,13.02,95.02,7.435,94.78,0.94,1.7,71.91,90.21,100.17,86.36,Normal
lungs,Drug B,50.65,34.12,69.29,6.912,51.48,6.26,23.87,94.08,57.2,57.54,67.73,Severe Toxicity
kidney,Drug C,17.73,7.7,92.62,7.285,88.33,2.19,5.98,73.18,83.36,86.72,93.02,Normal
liver,Drug A,31.83,9.58,97.79,7.395,100.0,0.71,1.03,68.77,90.89,103.26,95.89,Normal
kidney,Drug B,55.49,9.72,90.69,7.234,82.31,2.65,7.9,74.99,77.89,91.99,82.27,Mild Toxicity
kidney,Drug B,20.63,21.27,88.06,7.279,83.53,2.36,6.98,85.03,76.05,96.03,98.17,Normal
lungs,Drug A,31.37,27.09,96.54,7.398,98.74,1.22,1.42,81.11,91.38,102.32,97.58,Normal
lungs,Drug B,37.86,11.7,90.66,7.314,85.03,2.49,7.32,85.38,79.53,94.17,83.57,Normal
kidney,Drug C,29.16,33.88,59.21,6.897,39.62,8.35,31.79,52.19,40.58,38.62,62.93,Severe Toxicity
liver,Drug A,56.49,5.79,95.95,7.44,98.08,1.16,1.4,72.9,88.63,103.41,93.94,Normal
lungs,Drug A,55.83,5.07,96.69,7.435,97.13,0.97,1.21,72.3,84.88,116.6,103.18,Normal
lungs,Drug A,23.87,20.26,99.24,7.392,99.04,1.39,1.92,74.53,91.08,107.14,95.9,Normal
lungs,Drug A,31.59,26.6,96.48,7.401,95.66,0.8,1.6,66.74,92.26,105.74,100.36,Normal
heart,Drug C,48.01,21.34,57.06,6.849,38.97,8.85,32.56,42.0,33.65,27.75,57.81,Severe Toxicity
kidney,Drug A,26.03,3.6,95.34,7.458,96.68,0.78,1.42,77.81,88.85,107.32,102.12,Normal
kidney,Drug A,35.9,33.45,94.53,7.44,99.02,0.96,2.02,70.17,92.82,107.06,94.24,Normal
liver,Drug C,48.23,29.94,38.69,6.61,13.1,11.8,45.09,33.25,18.04,8.0,44.7,Severe Toxicity
heart,Drug C,11.8,28.02,82.42,7.215,79.7,3.29,11.87,82.74,76.15,84.61,86.08,Mild Toxicity
liver,Drug A,23.48,15.22,97.31,7.443,95.29,1.01,2.36,73.65,99.29,105.97,95.18,Normal
kidney,Drug C,16.71,4.97,95.16,7.38,96.52,1.9,3.39,73.38,81.25,106.28,95.67,Normal
heart,Drug A,52.7,34.49,96.92,7.399,100.0,1.27,1.12,73.28,84.29,110.32,104.28,Normal
kidney,Drug A,38.04,10.23,96.15,7.379,100.0,1.46,1.59,73.66,95.69,105.55,95.76,Normal
kidney,Drug A,45.24,22.72,97.22,7.444,98.46,0.75,1.44,77.64,92.25,113.99,90.49,Normal
kidney,Drug B,31.14,35.34,76.23,7.132,68.97,4.49,15.14,87.78,67.59,68.65,74.1,Mild Toxicity
kidney,Drug A,18.91,25.33,98.4,7.337,97.08,0.95,1.01,76.75,91.8,109.84,98.9,Normal
lungs,Drug C,21.12,19.74,80.99,7.154,72.91,4.16,13.97,86.77,70.11,80.91,78.26,Mild Toxicity
liver,Drug B,40.65,15.66,86.46,7.256,79.87,2.85,9.4,86.44,77.14,81.03,85.69,Mild Toxicity
kidney,Drug C,29.4,15.93,78.31,7.158,70.27,4.38,15.95,98.99,60.78,85.65,76.41,Mild Toxicity
heart,Drug C,13.37,8.16,90.45,7.383,92.0,2.02,4.98,68.44,86.76,105.53,82.97,Normal
heart,Drug B,36.69,35.95,73.42,7.025,65.66,4.93,17.81,100.31,58.02,70.92,74.57,Severe Toxicity
heart,Drug B,43.95,26.96,79.3,7.152,68.72,4.85,16.05,97.64,64.78,81.24,78.11,Mild Toxicity
liver,Drug A,38.68,34.28,97.07,7.375,96.93,0.78,1.34,75.85,88.48,98.64,102.13,Normal
liver,Drug C,13.63,21.29,87.78,7.242,83.59,2.94,10.93,78.67,71.51,93.97,93.15,Mild Toxicity
kidney,Drug C,49.43,30.81,41.0,6.6,9.08,12.0,48.95,21.68,19.3,8.0,32.37,Severe Toxicity
lungs,Drug B,17.71,22.83,90.57,7.202,88.36,2.35,6.27,75.8,81.22,91.38,94.94,Mild Toxicity
kidney,Drug C,44.86,3.4,90.29,7.323,88.99,2.19,6.06,82.1,87.95,89.53,86.38,Normal
liver,Drug B,29.14,34.7,81.5,7.171,70.76,4.23,14.03,91.79,69.15,84.39,64.55,Mild Toxicity
heart,Drug C,26.01,3.22,94.14,7.365,91.03,1.75,3.84,74.85,90.0,113.2,84.83,Normal
lungs,Drug A,33.83,27.8,93.95,7.35,95.45,1.06,1.37,66.99,89.37,99.98,78.68,Normal
heart,Drug A,22.14,3.11,96.63,7.393,98.67,1.04,2.02,74.79,94.6,103.05,100.06,Normal
liver,Drug C,20.28,33.19,73.08,7.016,56.96,6.19,21.62,104.17,55.96,62.73,66.71,Severe Toxicity
lungs,Drug A,20.14,30.93,95.37,7.401,99.05,1.01,1.44,81.72,94.68,103.61,92.47,Normal
kidney,Drug B,8.56,16.78,94.05,7.36,93.43,1.45,3.11,76.22,87.75,108.67,89.74,Normal
lungs,Drug C,17.23,21.4,80.64,7.126,77.77,3.67,12.08,85.55,72.81,66.66,74.51,Mild Toxicity
kidney,Drug C,49.92,32.59,32.75,6.6,5.0,12.0,51.78,28.32,8.0,8.0,31.15,Severe Toxicity
lungs,Drug C,33.12,23.32,68.42,7.033,51.97,6.63,25.19,95.0,49.15,54.36,71.15,Severe Toxicity
lungs,Drug A,40.01,5.21,95.88,7.371,96.28,1.2,2.2,64.8,91.12,110.65,95.23,Normal
heart,Drug A,58.48,6.81,95.29,7.421,94.21,0.99,2.04,76.26,90.61,102.64,94.98,Normal
kidney,Drug C,34.05,24.88,62.56,6.928,43.24,8.08,27.59,101.42,53.33,51.33,61.49,Severe Toxicity
heart,Drug A,13.33,30.01,96.29,7.356,95.75,1.01,1.84,72.17,100.0,100.33,99.75,Normal
liver,Drug C,46.02,3.11,90.67,7.379,86.93,2.22,6.26,82.79,83.67,99.5,96.29,Normal
heart,Drug A,2.13,10.07,95.34,7.428,94.21,0.66,1.49,79.19,93.53,100.38,84.13,Normal
heart,Drug B,17.5,7.88,91.33,7.394,94.8,1.5,2.93,70.3,96.77,95.93,89.78,Normal
heart,Drug A,46.13,23.13,94.01,7.427,99.13,1.22,1.52,74.99,94.57,110.37,86.68,Normal
lungs,Drug A,34.28,25.9,97.33,7.408,95.56,1.14,1.71,81.46,96.59,107.83,87.59,Normal
heart,Drug A,19.2,16.87,98.7,7.405,100.0,1.12,1.8,75.92,84.4,114.06,103.89,Normal
liver,Drug B,15.83,18.42,93.09,7.345,92.3,2.15,4.82,82.49,90.4,104.81,83.16,Normal
heart,Drug A,34.72,24.0,94.7,7.43,95.25,1.29,0.98,73.48,89.94,113.47,96.91,Normal
heart,Drug B,2.21,3.78,97.72,7.447,99.18,1.41,1.71,75.56,93.92,104.02,108.48,Normal
heart,Drug A,5.04,2.16,99.0,7.424,98.65,1.25,2.31,67.45,89.41,104.44,93.99,Normal
kidney,Drug A,9.1,8.93,100.0,7.382,99.71,0.81,1.47,79.33,92.53,112.33,89.96,Normal
heart,Drug A,4.46,20.83,94.36,7.394,96.36,1.13,1.06,67.21,91.9,103.38,96.52,Normal
lungs,Drug C,39.88,24.76,57.55,6.872,37.79,8.56,32.34,38.23,44.5,42.87,58.79,Severe Toxicity
liver,Drug C,36.61,10.42,83.58,7.246,74.59,3.96,13.44,89.39,71.1,84.55,69.54,Mild Toxicity
lungs,Drug C,3.21,25.19,92.48,7.351,90.39,1.76,3.91,68.35,87.93,105.49,91.91,Normal
liver,Drug A,32.25,7.74,95.28,7.378,97.79,1.16,1.35,72.3,88.88,117.57,98.91,Normal
lungs,Drug A,38.35,13.4,95.36,7.398,98.62,0.89,1.02,74.46,85.2,105.57,100.92,Normal
liver,Drug C,44.75,22.03,60.68,6.944,40.68,8.3,31.45,33.99,41.35,50.83,55.58,Severe Toxicity
lungs,Drug A,4.88,3.23,97.04,7.374,96.46,0.81,1.72,63.34,85.87,106.95,106.11,Normal
heart,Drug A,40.57,11.69,97.47,7.425,97.48,1.1,1.36,62.39,94.54,113.34,92.44,Normal
lungs,Drug B,14.19,32.56,90.03,7.228,86.8,2.3,7.56,84.66,84.27,84.88,83.69,Mild Toxicity
kidney,Drug C,11.42,29.49,85.63,7.255,77.49,3.72,11.77,78.29,71.58,87.33,83.9,Mild Toxicity
kidney,Drug C,25.79,30.17,64.48,6.975,55.78,6.78,25.35,94.49,46.81,56.38,66.01,Severe Toxicity
lungs,Drug B,17.6,20.79,90.36,7.301,87.11,2.38,5.81,74.95,87.53,103.02,103.32,Normal
kidney,Drug B,31.96,24.43,84.77,7.212,81.05,3.72,11.37,84.59,82.68,79.38,79.19,Mild Toxicity
lungs,Drug A,52.97,16.48,96.62,7.402,95.39,1.21,1.06,73.71,90.4,102.57,87.46,Normal
kidney,Drug B,5.88,9.41,98.13,7.381,100.0,1.29,2.61,73.33,90.83,103.54,101.25,Normal
lungs,Drug B,44.25,11.94,91.38,7.305,85.62,3.01,7.85,84.09,75.6,86.38,84.4,Normal
lungs,Drug C,19.38,22.89,79.86,7.202,70.43,4.31,15.21,95.78,67.52,71.32,74.22,Mild Toxicity
heart,Drug A,58.69,18.34,95.97,7.454,96.42,1.21,1.44,79.86,83.98,109.18,96.28,Normal
lungs,Drug A,37.64,2.24,95.07,7.383,95.09,0.86,1.51,73.15,88.59,99.11,89.08,Normal
heart,Drug B,7.01,6.85,94.33,7.348,98.6,1.35,2.19,78.7,90.05,106.52,95.33,Normal
lungs,Drug C,2.51,19.12,98.98,7.378,94.81,1.39,3.11,84.58,83.54,109.65,92.03,Normal
kidney,Drug B,6.13,31.03,94.41,7.293,91.78,1.59,4.04,79.72,89.58,104.78,90.61,Normal
kidney,Drug B,6.25,31.36,93.42,7.37,91.6,2.14,4.26,71.39,84.9,94.45,83.84,Normal
kidney,Drug A,48.01,27.22,97.19,7.427,98.45,1.3,2.16,69.33,89.74,109.65,92.5,Normal
lungs,Drug C,25.37,23.17,72.74,7.128,62.86,5.36,19.43,94.05,63.61,71.16,72.81,Mild Toxicity
liver,Drug C,28.03,10.1,85.68,7.276,81.91,3.31,9.49,81.83,77.55,105.59,84.25,Mild Toxicity
liver,Drug B,16.57,4.44,94.64,7.39,92.87,1.28,2.82,65.67,89.68,104.57,93.66,Normal
lungs,Drug C,8.66,15.47,91.67,7.336,92.28,1.65,6.47,76.22,86.04,98.31,93.99,Normal
lungs,Drug A,22.52,32.39,97.18,7.397,100.0,0.8,2.28,72.21,86.6,114.03,97.71,Normal
heart,Drug C,41.32,10.89,78.99,7.145,68.75,4.68,14.86,79.36,65.86,69.08,78.12,Mild Toxicity
heart,Drug A,53.92,3.22,98.39,7.452,98.27,0.87,1.53,72.11,96.86,115.15,89.17,Normal
liver,Drug B,56.37,28.67,65.75,6.975,56.41,5.9,21.21,103.82,61.6,64.35,75.42,Severe Toxicity
kidney,Drug C,46.28,30.94,43.87,6.663,12.94,11.79,45.45,37.5,14.03,18.04,33.9,Severe Toxicity
heart,Drug B,32.25,4.42,91.85,7.359,92.9,1.62,3.24,75.79,87.91,91.87,91.2,Normal
liver,Drug A,19.33,12.17,95.76,7.431,99.1,0.86,1.25,72.82,89.32,102.29,101.99,Normal
kidney,Drug A,57.34,33.38,93.76,7.451,96.91,0.76,1.55,68.84,92.38,107.81,108.11,Normal
lungs,Drug A,20.5,29.2,100.0,7.44,95.96,0.67,0.55,73.22,89.07,110.76,96.0,Normal
liver,Drug B,27.92,34.03,83.61,7.191,73.01,3.93,13.12,91.14,70.92,80.9,70.12,Mild Toxicity
heart,Drug A,21.27,33.79,96.4,7.389,98.59,1.34,2.81,70.57,94.07,111.16,100.78,Normal
kidney,Drug A,22.68,30.45,92.14,7.412,98.16,0.96,1.16,74.61,92.67,110.72,103.18,Normal
liver,Drug A,45.89,6.23,97.18,7.432,95.6,1.02,2.08,60.99,97.12,115.14,96.59,Normal
kidney,Drug B,23.95,6.45,97.93,7.339,94.28,1.71,4.26,71.09,84.74,96.31,85.81,Normal
heart,Drug A,36.86,34.69,97.6,7.362,97.07,1.0,1.16,69.3,98.07,109.03,91.58,Normal
lungs,Drug C,37.21,3.13,94.42,7.337,88.75,1.6,5.37,87.74,85.47,98.3,82.12,Normal
kidney,Drug A,28.98,9.65,96.9,7.393,96.31,0.93,1.17,68.19,91.25,128.69,95.09,Normal
lungs,Drug A,36.01,6.44,95.89,7.447,96.48,1.18,1.13,72.8,95.62,103.28,96.64,Normal
heart,Drug A,25.92,33.89,97.72,7.412,99.78,1.05,1.73,67.62,93.94,115.42,94.3,Normal
kidney,Drug A,44.75,27.78,98.47,7.375,98.97,1.05,1.7,74.51,90.65,98.64,98.79,Normal
kidney,Drug B,47.92,32.41,71.34,6.972,65.03,5.45,21.05,97.39,58.78,54.46,65.67,Severe Toxicity
lungs,Drug C,19.92,9.34,89.27,7.323,85.55,2.22,7.52,75.65,89.8,77.16,79.84,Normal
heart,Drug C,23.21,22.21,75.9,7.084,65.47,5.08,16.53,88.64,65.71,79.16,67.15,Mild Toxicity
kidney,Drug B,9.38,1.97,96.32,7.387,98.68,1.23,1.89,71.58,93.89,104.57,88.6,Normal
lungs,Drug B,37.88,20.15,85.7,7.147,79.01,3.4,11.46,86.43,72.65,86.82,76.71,Mild Toxicity
kidney,Drug A,42.18,26.79,97.96,7.382,97.15,0.73,1.19,81.43,93.5,104.86,87.37,Normal
liver,Drug C,21.36,25.91,75.09,7.065,64.78,5.24,18.12,89.55,65.15,71.14,77.09,Mild Toxicity
lungs,Drug C,28.21,7.43,89.13,7.326,84.6,2.55,7.82,75.18,76.29,89.7,89.51,Normal
liver,Drug C,5.35,31.56,85.62,7.375,87.78,2.3,6.75,78.57,84.65,89.93,92.75,Mild Toxicity
liver,Drug A,2.84,26.34,94.97,7.359,99.71,0.96,2.33,63.08,91.18,104.78,95.42,Normal
heart,Drug B,46.63,28.03,74.66,7.014,65.18,4.85,17.92,90.13,57.0,66.61,73.38,Severe Toxicity
liver,Drug A,51.67,24.8,98.53,7.407,97.44,1.19,1.03,73.91,88.3,122.98,101.53,Normal
kidney,Drug B,55.94,16.47,82.5,7.139,73.41,4.06,13.39,84.13,66.85,83.04,73.19,Mild Toxicity
lungs,Drug A,41.92,32.57,96.94,7.363,100.0,0.88,1.57,69.7,90.09,95.18,87.53,Normal
lungs,Drug B,25.21,22.92,84.6,7.279,83.02,2.36,8.32,80.08,71.16,94.05,83.14,Mild Toxicity
liver,Drug A,3.64,30.89,93.51,7.425,96.81,0.72,1.78,77.24,87.06,106.62,95.93,Normal
lungs,Drug A,40.69,28.09,95.34,7.417,96.83,1.06,1.56,79.69,98.81,111.37,110.05,Normal
liver,Drug B,55.61,16.89,82.7,7.19,78.43,4.04,13.25,85.09,75.03,68.04,75.91,Mild Toxicity
kidney,Drug A,44.06,5.08,97.57,7.361,96.43,0.86,1.62,77.56,98.64,107.54,105.46,Normal
liver,Drug A,58.71,14.25,98.67,7.394,93.31,1.19,1.33,71.78,92.7,120.77,95.34,Normal
liver,Drug C,9.05,14.45,91.56,7.298,90.3,1.86,4.93,75.13,92.0,91.08,94.15,Normal
heart,Drug B,35.68,29.53,78.73,7.185,73.84,4.65,14.26,94.85,70.34,82.59,73.84,Mild Toxicity
kidney,Drug A,9.67,10.5,90.79,7.361,99.35,1.0,1.72,77.43,92.26,108.58,95.62,Normal
lungs,Drug A,25.32,26.31,93.75,7.39,100.0,1.04,1.02,69.86,89.55,108.48,94.47,Normal
liver,Drug B,48.14,4.32,92.98,7.374,91.65,1.12,4.21,80.81,86.69,101.42,92.37,Normal
lungs,Drug A,26.77,11.75,96.61,7.418,97.48,1.16,1.05,67.85,86.12,110.5,87.88,Normal
kidney,Drug A,15.84,1.97,98.54,7.347,97.16,1.18,2.21,55.42,88.69,96.31,86.57,Normal
liver,Drug B,15.0,15.12,93.95,7.318,94.02,1.57,3.85,81.27,87.22,110.74,93.39,Normal
kidney,Drug B,10.11,4.52,100.0,7.32,95.16,0.65,2.28,72.27,88.38,109.41,96.59,Normal
kidney,Drug B,12.15,35.91,88.56,7.269,87.5,2.38,6.95,74.79,81.56,89.99,87.05,Normal
kidney,Drug B,8.05,32.32,92.32,7.362,95.21,1.67,5.27,71.72,90.62,107.32,96.91,Normal
kidney,Drug C,9.37,2.77,98.03,7.365,94.7,1.04,1.98,71.03,91.83,103.55,90.43,Normal
heart,Drug A,35.31,26.49,99.31,7.373,100.0,0.98,1.82,60.51,91.73,113.24,98.29,Normal
kidney,Drug B,46.01,32.25,76.65,7.041,63.3,5.34,20.11,110.17,54.02,54.69,69.36,Severe Toxicity
lungs,Drug C,59.96,24.8,35.92,6.6,14.62,12.0,47.27,36.74,11.74,8.0,36.54,Severe Toxicity
lungs,Drug A,43.97,15.05,96.07,7.361,98.2,1.23,1.08,75.11,90.66,106.17,101.08,Normal
heart,Drug A,28.49,10.25,96.29,7.473,93.9,1.09,2.07,72.0,89.74,110.77,96.28,Normal
lungs,Drug B,55.25,8.51,91.24,7.237,82.06,2.16,6.71,79.73,83.74,92.56,88.49,Mild Toxicity
heart,Drug A,36.21,26.26,96.97,7.38,100.0,1.41,1.28,71.23,94.02,102.51,99.9,Normal
heart,Drug C,53.29,25.91,44.05,6.657,20.52,11.59,43.53,35.05,12.93,8.0,32.91,Severe Toxicity
liver,Drug B,31.95,4.05,93.98,7.326,95.58,1.03,3.27,78.41,96.09,108.1,92.96,Normal
liver,Drug B,8.28,23.29,94.66,7.306,91.67,1.4,3.48,74.28,92.55,85.0,87.83,Normal
lungs,Drug C,41.18,8.29,84.42,7.228,77.99,3.86,12.21,83.93,75.6,93.76,83.45,Mild Toxicity
kidney,Drug B,10.8,1.12,95.82,7.388,95.52,0.73,1.47,79.37,87.13,100.03,96.71,Normal
lungs,Drug B,23.12,14.57,89.8,7.323,92.88,2.15,5.89,81.62,85.22,95.32,93.32,Normal
liver,Drug A,6.97,10.28,96.71,7.385,97.69,1.01,1.81,63.04,90.64,119.85,93.58,Normal
lungs,Drug C,12.96,12.2,88.77,7.361,90.51,2.31,7.13,79.85,84.45,95.08,82.24,Normal
heart,Drug B,55.91,17.0,80.39,7.166,76.8,3.9,13.16,88.05,70.58,73.64,78.63,Mild Toxicity
heart,Drug A,23.73,4.19,96.67,7.417,96.29,1.51,1.29,66.26,94.78,111.8,90.35,Normal
kidney,Drug B,25.22,14.23,89.59,7.311,86.08,2.19,5.75,84.81,84.88,97.38,87.54,Normal
kidney,Drug A,9.24,13.07,97.85,7.44,100.0,0.76,1.47,74.32,86.25,102.72,82.41,Normal
lungs,Drug B,50.16,25.82,76.02,7.104,62.0,5.08,17.63,95.85,57.68,69.12,69.37,Mild Toxicity
lungs,Drug A,53.69,4.47,100.0,7.376,98.99,1.13,1.43,78.09,97.25,110.66,93.75,Normal
liver,Drug B,33.67,6.13,94.91,7.379,92.19,1.6,4.57,75.45,85.38,106.36,89.5,Normal
liver,Drug B,23.61,20.42,82.3,7.276,87.87,2.62,7.25,83.22,78.7,90.82,99.71,Mild Toxicity
heart,Drug C,23.74,25.86,72.87,7.111,61.04,5.67,20.13,101.94,59.44,73.55,66.67,Mild Toxicity
lungs,Drug A,32.16,10.13,96.56,7.396,96.97,1.14,1.33,64.15,92.61,105.27,88.19,Normal
liver,Drug C,8.52,25.53,87.49,7.298,88.33,2.5,8.41,91.05,78.13,104.18,86.63,Mild Toxicity
kidney,Drug B,37.8,29.43,77.23,7.149,68.64,4.3,15.62,95.47,68.13,75.37,77.75,Mild Toxicity
liver,Drug B,32.33,9.59,91.55,7.335,88.49,1.87,5.83,84.64,77.74,96.64,93.2,Normal
heart,Drug A,38.02,27.04,99.26,7.408,98.0,1.12,1.24,70.58,91.13,137.17,95.78,Normal
kidney,Drug A,7.53,31.5,96.27,7.418,98.86,1.43,1.66,60.86,96.1,112.03,101.75,Normal
heart,Drug C,36.53,17.49,71.42,7.061,58.93,6.13,21.36,100.03,54.62,60.9,68.68,Mild Toxicity
liver,Drug B,20.96,4.08,95.43,7.287,98.24,1.04,2.87,78.31,90.59,98.07,92.63,Normal
liver,Drug A,23.35,35.36,96.66,7.416,97.35,1.02,0.95,73.12,94.85,100.18,94.24,Normal
liver,Drug C,24.55,2.75,94.12,7.362,92.43,1.57,3.52,78.69,88.13,113.98,84.6,Normal
lungs,Drug C,19.14,5.54,93.94,7.303,90.02,2.0,4.45,73.69,83.79,101.38,89.07,Normal
liver,Drug B,23.96,25.01,87.48,7.265,86.66,2.64,9.35,79.19,80.26,86.63,92.04,Mild Toxicity
kidney,Drug B,44.48,22.18,79.93,7.149,72.5,4.3,12.83,98.22,72.14,85.61,87.57,Mild Toxicity
liver,Drug B,52.44,7.63,89.16,7.305,89.25,2.51,6.66,83.03,81.15,101.2,88.33,Normal
kidney,Drug B,9.81,10.77,95.56,7.371,94.22,1.56,2.52,78.49,96.68,101.42,90.35,Normal
kidney,Drug A,17.09,25.94,98.89,7.41,100.0,1.12,1.44,69.05,94.43,103.13,106.07,Normal
liver,Drug B,52.11,35.64,66.85,6.988,50.28,6.57,24.08,115.93,52.79,55.77,61.49,Severe Toxicity
lungs,Drug C,29.15,17.43,74.62,7.106,65.64,4.81,17.29,90.47,74.26,71.48,64.51,Mild Toxicity
heart,Drug A,11.15,26.35,94.61,7.41,99.92,0.75,1.27,76.05,95.34,114.15,92.69,Normal
heart,Drug A,18.12,14.61,97.38,7.392,96.69,1.11,1.06,73.39,90.31,100.8,94.44,Normal
lungs,Drug A,10.35,23.02,95.06,7.35,98.84,1.28,1.64,75.09,100.0,117.99,100.29,Normal
kidney,Drug C,58.33,17.96,54.87,6.875,35.09,8.88,34.12,41.67,40.92,34.77,59.82,Severe Toxicity
lungs,Drug C,6.05,1.35,97.45,7.388,99.55,0.88,1.16,59.56,87.98,91.97,99.58,Normal
liver,Drug B,25.12,19.24,88.45,7.259,86.99,2.34,6.94,71.44,85.26,88.49,87.36,Normal
kidney,Drug A,56.9,21.0,98.78,7.409,99.63,1.21,1.19,80.66,91.05,95.84,88.46,Normal
lungs,Drug A,13.86,32.11,95.28,7.337,96.74,0.88,1.23,69.77,88.32,110.33,87.68,Normal
liver,Drug B,36.72,16.19,86.73,7.233,82.63,2.78,9.32,82.56,77.36,97.73,89.79,Mild Toxicity
liver,Drug B,2.52,7.43,95.75,7.419,95.82,1.01,1.36,66.52,89.83,112.63,94.93,Normal
lungs,Drug C,57.67,13.52,64.61,6.918,52.49,6.88,25.74,104.59,48.79,62.05,65.23,Severe Toxicity
heart,Drug C,13.22,34.16,77.86,7.074,68.23,4.59,15.28,86.15,67.58,83.38,79.33,Mild Toxicity
kidney,Drug B,47.65,3.23,92.18,7.329,97.12,1.58,2.99,81.7,89.71,110.27,72.65,Normal
lungs,Drug B,48.86,30.61,70.89,6.991,56.86,5.82,20.25,97.36,57.78,66.45,76.73,Severe Toxicity
kidney,Drug C,35.01,29.35,57.3,6.873,36.46,8.94,33.16,37.52,42.86,34.63,47.96,Severe Toxicity
lungs,Drug A,42.82,31.62,97.17,7.353,97.32,0.97,1.72,69.18,95.58,111.89,93.94,Normal
heart,Drug B,55.56,28.81,70.99,6.984,60.27,6.02,21.51,111.43,63.53,56.61,72.42,Severe Toxicity
kidney,Drug C,59.9,2.84,90.8,7.325,85.47,2.35,6.63,83.46,81.44,90.96,98.5,Normal
kidney,Drug B,53.88,24.19,76.69,7.049,63.77,5.04,17.14,101.17,67.16,69.56,71.08,Severe Toxicity
liver,Drug C,12.08,14.45,90.75,7.37,90.23,2.26,6.91,78.12,87.02,107.64,88.54,Normal
liver,Drug B,55.11,3.33,91.74,7.38,95.32,1.57,3.08,68.24,88.85,101.85,95.97,Normal
liver,Drug A,39.52,11.59,100.0,7.346,99.13,1.23,1.74,74.52,90.15,120.02,83.5,Normal
heart,Drug A,15.4,34.86,100.0,7.352,98.53,0.71,1.45,64.31,95.62,98.31,99.42,Normal
heart,Drug C,4.0,6.43,97.1,7.377,100.0,1.42,1.93,78.14,92.75,97.14,84.99,Normal
lungs,Drug A,40.54,14.0,96.36,7.426,99.64,1.21,1.4,68.16,95.08,102.44,91.52,Normal
kidney,Drug C,40.37,21.74,60.34,6.977,46.88,7.56,28.25,54.43,46.55,52.6,64.69,Severe Toxicity
liver,Drug B,32.88,27.05,82.79,7.164,76.16,3.55,13.16,91.89,72.34,75.78,79.72,Mild Toxicity
liver,Drug C,26.24,6.06,86.69,7.322,89.62,2.24,6.84,75.52,86.42,101.46,92.26,Normal
heart,Drug C,37.75,4.88,89.83,7.315,87.21,2.5,7.58,70.87,80.7,99.28,89.1,Normal
lungs,Drug C,7.55,21.83,89.63,7.277,89.87,2.29,6.51,86.82,86.95,112.3,85.51,Normal
liver,Drug B,56.74,26.46,74.64,7.003,64.66,5.62,20.13,104.37,63.47,63.83,75.04,Severe Toxicity
kidney,Drug B,32.43,16.41,86.03,7.25,82.28,2.68,7.88,82.37,76.89,100.04,95.44,Mild Toxicity
heart,Drug B,38.25,12.18,88.84,7.299,84.25,2.44,7.14,81.16,85.27,95.37,83.38,Normal
liver,Drug A,17.25,21.72,99.34,7.452,95.88,1.0,1.34,75.28,87.18,109.46,106.57,Normal
liver,Drug C,14.69,34.16,78.69,7.117,67.23,5.03,17.1,89.1,69.97,80.24,68.38,Mild Toxicity
heart,Drug B,8.42,24.95,92.46,7.331,94.61,1.82,3.56,74.85,82.83,94.94,86.75,Normal
lungs,Drug B,18.92,3.7,95.57,7.395,94.56,1.7,2.4,67.97,87.54,109.15,101.0,Normal
heart,Drug A,25.12,10.35,97.38,7.362,96.09,1.32,1.33,68.8,95.23,105.41,97.04,Normal
kidney,Drug A,44.22,28.09,96.61,7.37,100.0,0.99,2.45,72.75,95.25,107.07,95.65,Normal
heart,Drug B,38.18,8.43,91.99,7.314,90.09,2.38,5.59,85.75,83.52,93.02,92.3,Normal
kidney,Drug C,11.77,21.82,87.53,7.23,83.75,3.24,10.15,77.54,80.04,100.48,83.71,Mild Toxicity
lungs,Drug C,41.52,16.9,69.99,7.031,52.5,6.45,23.07,101.28,48.79,56.38,68.24,Severe Toxicity
liver,Drug B,31.58,11.87,88.69,7.28,87.7,2.13,6.31,85.64,81.24,90.0,87.13,Normal
heart,Drug C,57.64,26.66,40.45,6.612,5.37,12.0,48.72,23.58,8.0,17.86,33.03,Severe Toxicity
kidney,Drug B,35.57,23.16,85.41,7.218,77.33,3.63,11.44,97.08,70.31,87.68,86.67,Mild Toxicity
lungs,Drug A,13.76,34.56,96.44,7.362,100.0,1.26,1.12,70.63,88.65,109.26,100.32,Normal
heart,Drug A,50.29,8.32,97.28,7.408,97.26,1.09,1.46,76.48,94.27,118.46,96.33,Normal
liver,Drug B,23.65,22.25,87.86,7.273,85.88,2.99,8.56,82.27,85.48,90.45,86.4,Mild Toxicity
heart,Drug C,15.39,27.4,78.1,7.096,73.34,4.1,14.73,80.9,68.75,77.03,79.98,Mild Toxicity
heart,Drug B,48.74,25.05,77.6,7.1,66.69,4.79,16.87,96.1,64.12,81.17,81.02,Mild Toxicity
kidney,Drug B,38.65,7.57,93.29,7.268,91.57,1.94,5.45,83.34,81.4,100.87,80.35,Normal
liver,Drug A,46.3,1.11,95.83,7.348,97.26,0.91,2.01,75.89,92.95,103.59,99.86,Normal
kidney,Drug A,42.44,19.62,94.84,7.408,98.66,1.35,0.87,67.66,87.82,103.61,101.04,Normal
lungs,Drug A,13.69,31.95,98.55,7.455,97.05,1.0,1.27,79.48,91.12,106.92,95.23,Normal
heart,Drug B,27.43,4.59,97.17,7.375,94.77,1.4,3.04,78.27,82.65,97.02,93.01,Normal
liver,Drug C,52.85,8.71,79.51,7.141,71.26,4.43,16.23,84.67,65.06,71.64,82.35,Mild Toxicity
kidney,Drug A,41.23,15.35,97.83,7.464,100.0,1.15,1.84,72.2,89.88,104.05,94.21,Normal
lungs,Drug A,25.61,10.35,98.07,7.364,100.0,1.08,1.12,71.04,88.84,99.37,99.52,Normal
lungs,Drug C,36.74,18.46,70.51,7.038,58.17,6.33,22.47,94.03,62.12,67.19,63.95,Severe Toxicity
liver,Drug A,23.3,30.84,99.51,7.398,95.11,1.21,1.48,72.36,88.16,110.37,90.16,Normal
liver,Drug A,29.73,34.58,96.63,7.341,95.6,1.07,1.21,68.02,91.83,119.19,85.8,Normal
liver,Drug A,10.22,15.94,95.68,7.392,93.7,1.14,1.85,72.22,88.49,98.75,90.21,Normal
kidney,Drug C,10.73,7.9,94.74,7.367,92.37,1.79,3.96,77.99,86.86,104.67,93.69,Normal
lungs,Drug A,22.1,19.5,95.72,7.334,100.0,1.06,1.66,69.08,88.39,98.25,92.53,Normal
heart,Drug C,49.74,16.88,64.32,7.021,47.37,7.35,27.06,107.04,37.98,66.09,57.81,Severe Toxicity
lungs,Drug A,25.13,1.18,97.84,7.381,98.78,0.98,1.23,75.61,95.1,107.43,87.27,Normal
heart,Drug B,58.81,20.94,78.21,7.061,67.04,4.68,16.92,110.33,65.93,58.0,83.1,Mild Toxicity
lungs,Drug A,22.35,7.35,94.58,7.39,98.09,0.62,1.54,79.21,93.19,115.2,88.47,Normal
heart,Drug A,29.52,15.92,100.0,7.368,97.51,0.99,1.16,81.47,93.27,118.2,95.45,Normal
lungs,Drug A,16.14,1.61,97.79,7.338,100.0,0.91,0.85,78.5,93.81,100.0,92.7,Normal
liver,Drug A,53.38,9.83,97.35,7.411,96.19,1.25,1.35,71.93,93.41,101.04,92.25,Normal
kidney,Drug C,27.34,7.02,90.14,7.273,91.42,2.37,7.35,82.4,82.32,109.08,95.26,Normal
kidney,Drug C,35.25,34.13,52.16,6.808,29.4,10.13,38.1,40.73,30.29,29.48,44.48,Severe Toxicity
kidney,Drug B,36.0,25.33,81.45,7.216,76.17,3.57,12.87,98.14,70.24,82.73,88.52,Mild Toxicity
liver,Drug A,5.33,28.7,97.97,7.352,98.85,0.84,1.93,67.78,99.37,105.27,92.04,Normal
kidney,Drug B,34.39,25.75,83.89,7.186,75.45,3.54,12.86,88.14,70.43,86.51,79.54,Mild Toxicity
lungs,Drug A,23.3,14.77,96.35,7.392,95.25,1.23,1.65,70.29,95.09,112.56,104.34,Normal
heart,Drug C,11.49,12.84,89.76,7.323,87.78,2.12,5.95,77.02,85.95,100.1,85.38,Normal
liver,Drug A,11.5,8.69,99.29,7.444,94.27,0.91,1.81,67.38,91.4,105.89,91.85,Normal
lungs,Drug A,6.91,26.5,96.26,7.312,91.03,1.07,1.38,80.82,94.51,106.81,91.43,Normal
heart,Drug C,22.95,11.37,87.61,7.237,81.35,3.24,9.83,84.56,81.81,92.15,78.99,Mild Toxicity
lungs,Drug B,24.21,15.54,90.75,7.304,84.81,1.94,6.27,81.59,88.21,89.86,82.07,Normal
lungs,Drug C,50.97,28.87,38.57,6.6,7.35,11.93,46.75,25.24,11.92,8.45,33.23,Severe Toxicity
lungs,Drug B,50.84,6.82,91.29,7.338,90.82,1.87,5.4,76.97,82.56,100.69,95.41,Normal
liver,Drug A,43.17,2.79,99.5,7.427,98.33,1.27,1.6,70.55,89.85,102.58,92.38,Normal
liver,Drug B,48.19,3.87,95.62,7.351,90.98,1.66,5.14,69.67,89.58,100.96,86.92,Normal
kidney,Drug B,47.32,17.6,83.34,7.122,77.79,3.54,11.54,83.8,74.08,74.45,91.14,Mild Toxicity
liver,Drug C,57.64,19.16,55.12,6.859,31.19,9.65,35.95,35.2,34.09,39.73,49.1,Severe Toxicity
liver,Drug A,41.91,15.08,100.0,7.35,97.01,1.14,1.0,69.44,95.83,107.28,96.68,Normal
lungs,Drug C,47.81,3.82,89.24,7.284,88.99,2.39,7.04,85.71,83.68,88.26,91.59,Normal
heart,Drug C,17.24,26.23,75.75,7.226,71.35,4.72,15.91,95.83,68.71,79.15,83.13,Mild Toxicity
lungs,Drug A,58.32,6.07,94.79,7.379,98.73,1.16,1.47,75.72,93.92,104.08,92.83,Normal
heart,Drug A,36.67,28.34,95.76,7.349,98.45,0.78,1.4,73.28,92.63,98.61,94.33,Normal
kidney,Drug A,9.03,25.9,96.04,7.459,100.0,0.87,2.33,76.2,95.51,105.72,96.73,Normal
lungs,Drug C,41.43,7.43,84.92,7.273,82.49,3.6,10.82,82.14,77.85,73.03,79.27,Mild Toxicity
lungs,Drug B,48.66,2.97,93.09,7.351,94.94,1.5,3.37,73.37,94.18,105.13,99.81,Normal
heart,Drug C,16.7,28.88,78.22,7.151,70.69,4.63,17.02,96.6,68.29,73.75,73.37,Mild Toxicity
liver,Drug B,50.02,29.05,72.54,7.008,63.29,5.6,19.48,100.75,65.62,79.1,64.66,Severe Toxicity
liver,Drug C,54.43,26.98,43.46,6.651,14.79,12.0,46.43,33.21,16.06,10.25,38.01,Severe Toxicity
heart,Drug B,39.62,29.85,80.02,7.136,66.15,4.8,16.41,95.2,74.36,70.65,81.8,Mild Toxicity
kidney,Drug B,34.7,19.67,81.82,7.209,80.09,3.48,10.29,84.69,79.73,96.86,86.22,Mild Toxicity
heart,Drug B,21.25,34.1,84.63,7.125,77.95,3.32,10.35,88.76,76.59,82.1,74.42,Mild Toxicity
kidney,Drug C,52.2,3.48,88.46,7.267,85.05,2.43,6.67,82.67,76.76,88.12,90.86,Normal
kidney,Drug A,33.28,26.93,97.14,7.402,96.6,0.77,1.14,79.01,84.91,100.94,93.4,Normal
liver,Drug C,40.2,29.85,51.86,6.804,28.59,10.08,38.72,38.12,35.29,30.21,42.01,Severe Toxicity
lungs,Drug A,42.3,12.15,97.28,7.42,94.88,1.07,1.38,69.7,94.21,106.44,91.9,Normal
lungs,Drug C,40.4,29.47,51.59,6.867,26.99,10.05,37.76,44.66,36.15,21.95,63.07,Severe Toxicity
lungs,Drug C,11.68,3.53,93.94,7.348,95.72,1.4,2.35,72.08,85.31,103.81,97.72,Normal
liver,Drug B,27.65,15.6,90.93,7.311,85.53,2.19,6.94,82.04,86.96,89.1,89.54,Normal
liver,Drug C,22.35,33.0,71.75,6.991,55.64,6.63,23.56,100.71,49.92,60.16,60.74,Severe Toxicity
heart,Drug B,53.94,31.39,67.74,7.01,55.11,6.54,22.28,117.05,56.43,68.8,68.21,Severe Toxicity
heart,Drug A,33.23,1.12,95.36,7.457,100.0,1.05,1.97,73.02,87.13,108.53,90.36,Normal
lungs,Drug C,29.22,12.6,85.24,7.21,79.59,3.93,12.72,90.78,72.38,79.0,87.07,Mild Toxicity
heart,Drug A,10.26,24.09,94.59,7.363,98.03,0.93,1.17,70.82,95.25,111.19,106.49,Normal
lungs,Drug A,39.03,16.38,98.13,7.428,100.0,1.02,1.37,80.0,91.05,102.45,91.32,Normal
lungs,Drug A,29.98,2.28,94.97,7.416,99.4,0.95,2.41,73.48,97.99,100.55,103.16,Normal
lungs,Drug B,14.1,31.1,87.7,7.333,89.13,2.45,7.49,82.56,83.64,84.05,89.48,Normal
lungs,Drug C,12.72,14.6,93.55,7.35,87.09,2.11,6.61,79.19,83.07,92.31,89.48,Normal
liver,Drug B,22.8,15.08,89.88,7.305,86.45,2.22,5.58,75.62,84.81,90.23,94.51,Normal
heart,Drug A,18.1,9.84,98.25,7.427,95.04,1.05,0.89,72.0,89.35,105.5,86.7,Normal
lungs,Drug C,22.68,14.54,84.41,7.252,78.67,3.46,11.79,80.0,75.22,77.97,76.85,Mild Toxicity
lungs,Drug B,45.46,28.23,74.71,7.105,66.31,4.74,17.77,94.77,65.21,54.9,69.59,Mild Toxicity
heart,Drug C,16.23,9.32,91.53,7.319,87.23,2.26,5.78,78.46,84.71,95.6,86.43,Normal
liver,Drug B,21.63,24.44,87.79,7.274,86.34,2.64,7.61,74.95,79.66,85.6,90.23,Normal
heart,Drug A,38.29,15.51,94.6,7.398,97.15,1.02,1.23,59.49,98.65,103.32,93.14,Normal
lungs,Drug C,17.09,29.92,74.57,7.145,68.47,4.7,17.21,92.89,62.76,71.23,79.74,Mild Toxicity
heart,Drug B,30.61,6.14,94.65,7.311,94.04,1.92,4.13,86.34,84.64,105.99,86.23,Normal
heart,Drug B,46.23,24.42,77.88,7.11,72.96,4.51,15.35,85.38,65.13,65.65,72.36,Mild Toxicity
heart,Drug A,26.64,32.84,98.38,7.418,100.0,0.83,1.83,65.2,91.21,101.29,96.95,Normal
liver,Drug B,11.61,1.58,98.42,7.318,97.31,1.02,2.02,68.5,88.81,92.94,96.36,Normal
lungs,Drug C,23.03,34.43,65.01,6.957,52.17,7.24,25.33,94.64,45.52,54.61,74.35,Severe Toxicity
kidney,Drug B,46.38,12.73,85.52,7.271,87.15,2.9,8.65,89.43,82.24,100.76,81.5,Mild Toxicity
lungs,Drug B,19.8,15.81,91.26,7.281,91.65,2.17,5.43,80.08,92.88,96.23,91.5,Normal
heart,Drug C,25.16,33.66,61.81,6.927,49.91,7.54,27.34,114.27,46.94,54.71,70.59,Severe Toxicity
lungs,Drug A,49.84,5.42,97.12,7.404,95.1,1.15,1.52,70.33,92.8,106.25,91.45,Normal
liver,Drug B,23.92,15.13,92.4,7.277,86.77,2.6,6.03,85.21,78.25,87.08,85.0,Normal
lungs,Drug B,33.6,12.68,89.06,7.254,87.65,2.31,7.6,72.68,83.23,93.85,89.4,Normal
lungs,Drug A,13.64,15.27,96.66,7.327,97.38,1.09,1.02,76.37,95.1,91.46,88.12,Normal
liver,Drug A,4.56,2.24,100.0,7.407,98.69,1.25,1.83,73.31,94.09,103.78,99.67,Normal
kidney,Drug C,55.34,10.61,69.84,7.063,66.29,5.29,19.07,95.64,73.26,76.24,83.64,Mild Toxicity
heart,Drug A,47.02,7.42,97.78,7.409,95.77,1.09,1.36,66.44,92.11,103.94,93.16,Normal
kidney,Drug B,31.54,5.52,90.82,7.351,92.22,1.74,2.93,67.87,80.87,111.83,94.11,Normal
lungs,Drug A,7.91,26.56,98.71,7.37,99.51,1.01,1.55,72.62,89.23,111.25,91.21,Normal
heart,Drug A,48.38,26.32,96.49,7.398,93.29,0.86,0.96,74.43,90.78,108.07,87.63,Normal
liver,Drug A,31.19,10.01,97.32,7.433,99.67,1.08,1.19,72.49,94.21,97.37,92.82,Normal
liver,Drug B,9.7,20.01,93.51,7.361,91.9,1.56,3.3,82.04,90.71,101.93,85.47,Normal
lungs,Drug B,41.4,7.67,92.83,7.27,91.76,2.38,5.33,76.21,87.77,103.39,86.46,Normal
lungs,Drug C,41.2,16.8,70.56,7.075,57.76,6.33,22.92,93.87,52.46,50.36,71.74,Severe Toxicity
kidney,Drug A,7.11,27.04,94.96,7.43,97.31,1.54,1.7,72.66,91.25,104.02,98.27,Normal
kidney,Drug C,38.9,22.43,63.48,6.926,46.34,7.52,28.36,43.8,46.13,46.07,63.5,Severe Toxicity
heart,Drug A,23.16,16.88,96.11,7.491,99.83,1.03,2.48,64.45,87.43,103.46,95.52,Normal
kidney,Drug A,2.9,24.93,95.86,7.407,100.0,0.91,1.56,72.6,92.34,94.45,101.59,Normal
liver,Drug A,44.23,5.62,95.21,7.395,96.42,1.13,1.79,77.84,100.0,98.3,92.74,Normal
lungs,Drug B,3.07,27.98,93.6,7.335,97.74,1.3,2.96,71.78,87.67,112.72,102.43,Normal
kidney,Drug B,58.06,11.32,86.07,7.216,81.32,3.01,10.03,87.93,80.14,104.34,77.75,Mild Toxicity
kidney,Drug B,50.08,18.58,82.15,7.206,74.03,3.76,13.26,93.53,66.06,81.33,85.13,Mild Toxicity
liver,Drug A,43.26,29.89,97.43,7.445,100.0,1.24,1.72,60.95,89.29,109.04,96.19,Normal
liver,Drug A,23.88,22.27,97.83,7.4,98.93,1.01,1.28,73.79,92.12,100.78,86.83,Normal
heart,Drug A,10.6,32.15,97.3,7.406,95.99,0.98,1.75,81.93,90.28,106.24,78.09,Normal
heart,Drug A,33.38,3.92,96.99,7.419,96.38,0.89,1.55,69.52,88.2,113.96,85.32,Normal
heart,Drug B,40.84,4.14,95.27,7.322,93.22,1.52,3.47,77.43,88.67,104.16,88.65,Normal
liver,Drug B,24.1,14.71,91.16,7.313,93.01,2.01,6.25,83.55,84.25,100.37,99.61,Normal
heart,Drug A,45.02,7.5,98.8,7.404,94.0,1.31,1.25,69.8,92.85,114.7,93.99,Normal
heart,Drug A,28.67,25.86,95.46,7.42,98.73,1.02,0.9,71.17,95.12,98.91,98.17,Normal
kidney,Drug A,58.2,35.89,97.9,7.399,100.0,0.8,1.61,71.19,98.44,112.0,92.42,Normal
heart,Drug C,11.35,2.06,100.0,7.385,92.5,1.04,2.63,77.07,87.74,94.22,85.88,Normal
liver,Drug A,48.87,34.79,96.09,7.418,100.0,1.28,0.86,73.17,96.28,103.1,75.67,Normal
lungs,Drug C,51.71,21.19,56.99,6.766,34.17,9.34,35.57,38.72,35.34,36.11,51.9,Severe Toxicity
liver,Drug B,25.18,25.13,85.82,7.297,83.46,2.84,9.38,82.51,75.24,88.56,84.17,Mild Toxicity
kidney,Drug B,26.35,1.89,95.77,7.373,95.68,1.01,2.29,74.86,92.88,103.98,90.11,Normal
kidney,Drug C,5.32,27.09,89.31,7.342,89.38,1.99,5.53,75.05,85.55,99.62,81.97,Normal
kidney,Drug B,32.4,31.0,82.7,7.085,74.02,3.93,14.13,96.34,68.13,81.99,78.22,Mild Toxicity
kidney,Drug A,32.29,23.45,95.43,7.405,97.02,0.93,0.96,73.19,88.52,126.06,97.07,Normal
liver,Drug B,44.01,6.78,92.14,7.315,89.32,2.04,5.31,78.46,85.29,90.32,86.18,Normal
kidney,Drug A,56.05,11.0,96.73,7.381,99.21,0.92,1.82,75.18,88.88,105.23,99.46,Normal
kidney,Drug A,13.99,29.12,97.61,7.341,96.3,1.13,1.43,69.33,90.07,106.68,101.17,Normal
lungs,Drug A,28.55,19.97,97.33,7.403,95.47,1.62,1.94,69.08,91.97,96.74,104.11,Normal
liver,Drug A,24.6,9.26,96.38,7.396,96.71,1.37,1.32,70.8,91.04,99.26,98.91,Normal
heart,Drug B,3.59,6.19,99.57,7.388,98.57,0.92,2.58,72.63,86.5,99.25,95.96,Normal
liver,Drug A,14.08,14.9,96.23,7.4,94.85,1.08,1.66,71.48,95.92,103.51,103.71,Normal
liver,Drug A,33.61,7.8,97.22,7.391,98.34,0.98,1.05,62.91,88.0,101.89,99.65,Normal
heart,Drug C,28.58,16.03,78.21,7.164,68.33,4.32,16.07,99.0,65.6,73.28,86.87,Mild Toxicity
lungs,Drug B,43.9,17.21,84.6,7.25,83.43,3.32,10.53,89.49,65.4,103.51,83.17,Mild Toxicity
heart,Drug C,22.24,26.68,72.14,7.099,63.23,5.29,19.63,93.46,59.27,65.7,65.28,Mild Toxicity
heart,Drug B,16.07,12.33,94.85,7.359,93.9,1.45,4.4,77.49,86.4,92.75,86.9,Normal
lungs,Drug A,13.91,24.5,96.11,7.448,94.74,0.88,1.27,73.08,90.31,108.67,97.58,Normal
lungs,Drug A,46.78,2.1,97.76,7.415,93.76,1.16,1.96,73.93,90.63,113.24,97.5,Normal
lungs,Drug B,13.56,32.16,88.81,7.307,86.69,2.47,6.95,87.89,80.43,83.0,85.68,Normal
kidney,Drug C,53.33,31.22,32.9,6.6,5.0,12.0,52.6,20.0,8.0,8.0,31.13,Severe Toxicity
heart,Drug B,36.4,8.83,91.4,7.318,90.9,1.66,6.37,74.78,83.93,97.87,93.7,Normal
heart,Drug A,39.77,15.69,97.81,7.365,96.32,1.01,1.9,68.89,100.0,115.15,98.21,Normal
kidney,Drug A,28.26,12.07,99.06,7.404,100.0,1.18,1.12,71.0,97.66,111.54,91.28,Normal
kidney,Drug A,18.29,33.55,95.51,7.357,95.67,1.41,1.55,66.01,89.01,119.34,88.6,Normal
liver,Drug A,23.58,11.99,94.81,7.362,95.73,1.15,2.29,73.52,86.85,117.47,89.79,Normal
heart,Drug A,8.09,28.14,97.93,7.369,100.0,0.58,1.27,83.23,89.75,101.04,99.28,Normal
liver,Drug A,14.73,31.15,98.3,7.425,100.0,0.93,1.71,74.32,95.78,98.93,96.48,Normal
kidney,Drug B,26.38,2.48,96.56,7.393,92.43,1.59,2.76,76.18,92.17,99.53,92.38,Normal
kidney,Drug C,30.02,22.03,70.85,7.094,56.1,6.09,21.31,107.53,52.41,82.41,71.14,Mild Toxicity
heart,Drug A,50.88,24.59,96.73,7.334,96.04,1.16,1.82,76.5,87.52,95.71,98.27,Normal
heart,Drug A,46.61,9.68,99.41,7.382,97.74,0.89,1.25,66.97,93.42,114.78,88.82,Normal
heart,Drug C,48.93,7.54,83.05,7.191,75.02,4.04,13.19,75.61,74.67,98.33,95.45,Mild Toxicity
heart,Drug C,23.88,16.96,84.13,7.257,72.58,3.96,14.26,94.76,69.31,84.66,82.18,Mild Toxicity
heart,Drug C,35.02,6.09,88.86,7.33,83.97,2.93,8.62,74.95,81.58,94.7,84.84,Mild Toxicity
kidney,Drug A,18.89,10.91,97.76,7.397,98.83,1.11,1.34,64.85,88.96,104.18,87.19,Normal
lungs,Drug B,35.11,17.32,88.01,7.183,87.51,2.84,8.55,90.63,76.69,96.67,85.63,Mild Toxicity
kidney,Drug C,19.28,21.3,79.43,7.123,73.24,4.18,13.71,80.45,65.8,90.2,73.6,Mild Toxicity
lungs,Drug C,15.48,24.97,84.26,7.173,73.91,3.97,13.3,97.08,71.62,83.93,84.94,Mild Toxicity
heart,Drug C,32.42,35.24,54.36,6.795,29.37,9.54,36.04,40.68,27.89,19.13,59.83,Severe Toxicity
lungs,Drug C,40.43,6.57,87.69,7.325,80.9,3.02,10.02,80.85,73.91,87.75,91.79,Mild Toxicity
heart,Drug B,8.74,9.44,97.42,7.385,98.41,1.06,3.22,79.93,87.45,91.91,103.18,Normal
liver,Drug B,50.9,12.42,86.2,7.251,84.66,3.25,9.48,83.43,73.48,86.81,84.98,Mild Toxicity
lungs,Drug A,5.5,26.94,94.49,7.366,97.61,1.33,1.01,70.68,83.98,99.6,84.65,Normal
lungs,Drug B,45.15,17.73,82.47,7.174,76.29,3.55,12.22,91.44,74.22,81.5,82.06,Mild Toxicity
liver,Drug B,26.7,30.41,84.3,7.211,79.4,3.66,11.76,87.9,75.38,74.62,84.37,Mild Toxicity
liver,Drug B,23.78,1.24,96.1,7.407,100.0,1.64,1.53,76.38,91.51,110.12,103.55,Normal
liver,Drug A,48.03,22.17,96.62,7.41,95.29,1.12,1.76,73.29,96.41,110.99,90.21,Normal
lungs,Drug B,26.21,25.04,81.3,7.249,84.9,3.15,9.92,83.84,74.36,90.98,78.38,Mild Toxicity
liver,Drug A,53.86,11.7,94.91,7.366,94.87,1.01,1.08,68.37,97.81,113.22,87.11,Normal
lungs,Drug C,55.02,8.93,76.67,7.106,66.93,4.68,16.45,93.44,65.07,76.07,74.58,Mild Toxicity
heart,Drug B,54.74,25.08,72.13,7.086,65.28,5.0,19.19,99.08,60.76,55.95,63.58,Mild Toxicity
heart,Drug C,12.59,11.4,89.5,7.346,90.39,2.11,5.59,74.47,86.44,98.37,95.92,Normal
heart,Drug A,35.65,15.96,96.33,7.394,100.0,0.87,3.04,70.3,94.92,115.6,85.11,Normal
kidney,Drug B,58.02,10.62,86.92,7.297,78.25,2.57,9.31,79.82,82.02,92.06,80.07,Mild Toxicity
heart,Drug A,31.91,27.92,95.96,7.419,100.0,0.98,1.23,77.64,93.67,110.68,90.47,Normal
kidney,Drug C,23.09,34.14,66.0,6.975,51.97,7.26,24.77,86.08,47.52,46.45,67.48,Severe Toxicity
lungs,Drug A,47.07,3.26,96.95,7.398,97.68,1.19,1.51,73.4,88.87,107.79,87.17,Normal
kidney,Drug A,37.05,4.86,95.83,7.377,97.74,1.24,1.37,75.13,92.69,112.21,88.89,Normal
kidney,Drug B,30.71,17.83,84.48,7.232,84.88,2.88,8.42,88.34,72.69,95.05,93.67,Mild Toxicity
liver,Drug A,30.99,15.41,96.68,7.396,96.6,1.22,2.15,84.85,91.54,107.83,90.58,Normal
liver,Drug B,13.02,2.35,96.44,7.441,99.31,1.06,2.23,77.57,91.43,102.13,98.07,Normal
lungs,Drug A,6.12,11.84,96.52,7.428,99.56,1.02,1.24,69.66,88.98,102.19,111.94,Normal
liver,Drug A,3.9,13.98,96.6,7.358,100.0,1.12,1.56,67.31,93.95,113.97,96.96,Normal
liver,Drug A,17.41,2.8,97.71,7.407,95.68,1.06,1.95,77.81,97.05,115.55,97.44,Normal
liver,Drug B,41.07,28.76,76.8,7.072,70.42,4.9,16.19,98.16,65.9,81.48,71.17,Mild Toxicity
kidney,Drug A,21.56,13.82,96.95,7.399,93.11,1.09,1.09,69.9,88.88,110.62,94.35,Normal
kidney,Drug B,59.31,14.64,81.58,7.175,74.19,3.84,12.28,87.05,72.95,89.33,72.25,Mild Toxicity
heart,Drug C,56.04,19.26,54.7,6.831,36.14,9.02,34.18,43.61,38.04,17.86,52.52,Severe Toxicity
liver,Drug B,21.01,9.36,97.92,7.314,93.14,1.65,4.04,69.33,86.21,102.47,92.75,Normal
lungs,Drug C,40.3,25.31,56.49,6.821,41.15,8.54,33.15,44.25,33.34,36.86,65.04,Severe Toxicity
heart,Drug B,27.39,20.96,86.42,7.277,85.96,2.95,9.16,88.59,79.04,95.33,90.05,Mild Toxicity
lungs,Drug C,34.42,23.12,69.82,6.923,51.23,7.17,25.72,103.39,53.07,56.74,62.08,Severe Toxicity
lungs,Drug B,28.14,14.02,85.39,7.298,88.92,2.05,6.36,78.27,77.69,96.07,85.18,Mild Toxicity
lungs,Drug B,24.59,9.31,93.01,7.33,86.55,1.87,3.89,77.03,93.74,108.98,90.29,Normal
lungs,Drug B,8.49,5.12,94.0,7.4,95.28,1.37,2.03,75.22,91.9,113.52,95.0,Normal
lungs,Drug A,14.44,8.24,98.1,7.447,96.88,1.01,1.07,65.35,94.89,106.27,88.07,Normal
liver,Drug A,20.3,11.62,96.43,7.353,93.38,0.92,1.84,81.28,96.97,107.35,103.73,Normal
kidney,Drug B,47.6,8.06,90.33,7.314,90.13,2.05,5.77,82.84,78.66,100.98,79.3,Normal
lungs,Drug B,2.29,20.82,95.87,7.38,96.95,1.27,1.52,68.84,89.51,98.35,103.72,Normal
heart,Drug B,57.04,3.6,91.84,7.367,95.94,1.46,4.47,83.9,88.27,105.36,84.17,Normal
kidney,Drug B,5.28,14.52,93.33,7.344,99.98,1.11,2.47,74.07,88.44,111.0,91.04,Normal
heart,Drug A,58.0,15.09,96.4,7.362,96.94,0.91,1.68,76.88,94.69,116.23,85.62,Normal
kidney,Drug B,21.92,7.03,94.95,7.344,92.3,1.71,2.99,74.0,90.0,99.88,83.2,Normal
heart,Drug A,17.66,7.28,96.42,7.377,96.23,0.93,1.81,83.37,91.86,114.4,92.81,Normal
liver,Drug B,56.16,24.35,76.77,7.069,65.06,5.03,18.73,97.05,59.19,69.16,78.64,Mild Toxicity
lungs,Drug C,26.76,14.73,77.4,7.132,76.37,4.11,13.84,81.15,77.61,86.35,68.31,Mild Toxicity
kidney,Drug C,41.05,16.74,71.28,6.999,55.28,6.11,23.16,98.07,55.59,56.42,77.42,Severe Toxicity
lungs,Drug A,28.28,11.21,97.37,7.464,94.15,1.12,1.95,76.96,96.6,118.45,89.69,Normal
lungs,Drug B,39.45,23.29,83.27,7.235,74.44,3.87,13.65,78.2,71.45,74.6,82.97,Mild Toxicity
liver,Drug A,59.26,35.85,95.79,7.392,97.79,0.85,1.79,77.49,93.35,103.18,102.54,Normal
lungs,Drug C,35.85,16.44,72.77,7.053,62.94,5.6,19.54,92.02,56.98,76.48,74.11,Mild Toxicity
heart,Drug C,17.65,18.24,84.98,7.205,79.95,3.51,11.44,82.68,70.75,77.36,79.03,Mild Toxicity
heart,Drug B,59.78,28.42,68.19,6.993,52.79,6.1,23.8,115.87,59.24,48.79,57.22,Severe Toxicity
liver,Drug B,45.9,34.93,70.29,6.964,61.08,5.95,22.12,99.86,62.94,52.62,60.62,Severe Toxicity
kidney,Drug A,47.48,30.56,98.01,7.403,98.44,1.23,1.2,64.63,89.71,111.01,90.86,Normal
liver,Drug C,41.37,9.84,82.02,7.207,74.13,4.08,13.26,80.34,74.49,77.68,74.62,Mild Toxicity
kidney,Drug A,9.08,26.8,96.92,7.337,97.91,1.1,1.79,84.06,82.31,114.06,98.69,Normal
heart,Drug B,24.01,19.78,87.56,7.287,87.24,2.56,7.68,87.55,80.31,78.96,81.42,Normal
liver,Drug B,19.08,13.45,92.98,7.344,90.28,1.75,4.96,78.4,90.29,101.22,90.65,Normal
liver,Drug A,32.15,13.55,97.25,7.392,99.87,0.92,1.24,71.82,95.39,102.64,89.28,Normal
kidney,Drug A,32.25,31.69,98.84,7.413,98.71,1.31,1.06,71.89,88.56,110.74,98.48,Normal
liver,Drug C,55.63,6.03,86.02,7.229,73.9,3.28,11.85,83.26,72.07,89.99,81.47,Mild Toxicity
liver,Drug C,26.15,16.16,81.39,7.124,75.04,3.94,14.5,90.87,69.08,74.2,79.03,Mild Toxicity
kidney,Drug C,24.97,4.05,95.85,7.359,91.37,1.72,4.07,69.32,83.38,97.98,92.31,Normal
kidney,Drug A,21.58,33.73,95.8,7.381,96.03,1.2,1.84,74.22,90.0,106.65,99.36,Normal
lungs,Drug C,34.95,19.45,70.16,7.079,56.43,6.06,22.1,98.45,58.82,67.8,76.43,Severe Toxicity
lungs,Drug A,21.27,34.54,96.91,7.459,99.39,1.02,1.74,74.98,96.06,107.56,102.86,Normal
liver,Drug A,56.25,3.58,97.14,7.324,100.0,1.16,1.85,72.37,94.37,114.82,96.85,Normal
heart,Drug C,13.25,1.77,95.94,7.416,97.51,1.09,1.05,72.78,94.74,103.75,93.52,Normal
liver,Drug C,26.01,22.44,76.85,7.101,62.9,5.36,19.11,90.2,57.59,78.32,62.78,Mild Toxicity
lungs,Drug B,47.22,7.73,90.08,7.264,89.24,2.33,6.08,89.96,79.67,89.36,99.15,Normal
heart,Drug A,32.97,17.22,96.2,7.437,100.0,1.31,1.77,74.37,96.71,112.51,93.96,Normal
heart,Drug B,12.49,24.61,94.17,7.296,89.98,2.06,5.45,69.84,86.99,93.59,83.35,Normal
kidney,Drug C,30.8,31.88,57.42,6.861,36.06,8.27,31.96,48.18,46.6,25.72,61.23,Severe Toxicity
heart,Drug A,52.37,31.98,95.51,7.377,97.9,1.33,1.62,67.67,84.74,106.51,94.14,Normal
lungs,Drug A,36.9,15.94,98.29,7.496,97.22,1.27,1.3,72.06,90.83,91.62,94.6,Normal
lungs,Drug B,51.96,26.4,75.6,7.079,64.64,5.35,18.19,93.91,64.22,62.85,75.0,Mild Toxicity
lungs,Drug C,4.51,18.3,93.88,7.368,93.49,1.68,3.92,67.2,87.29,104.5,83.53,Normal
kidney,Drug A,37.9,10.86,96.95,7.379,97.91,0.82,1.51,69.63,89.44,96.04,83.55,Normal
kidney,Drug B,37.38,31.71,76.06,7.141,66.87,4.61,17.02,93.99,66.45,78.3,77.1,Mild Toxicity
lungs,Drug A,36.71,14.63,94.72,7.407,95.92,0.92,0.74,64.34,96.06,105.62,99.16,Normal
heart,Drug A,58.27,1.44,97.54,7.364,96.73,1.2,1.37,69.18,87.65,120.78,103.19,Normal
lungs,Drug A,29.2,11.04,100.0,7.387,94.95,1.15,1.67,70.12,94.96,115.61,97.36,Normal
liver,Drug B,24.11,6.59,92.33,7.282,96.54,1.36,3.17,76.98,86.84,99.55,89.66,Normal
heart,Drug B,41.02,11.56,89.23,7.254,85.01,2.69,7.2,88.8,73.39,86.57,79.44,Normal
lungs,Drug A,8.92,21.72,95.34,7.41,98.44,1.15,1.02,77.76,91.48,119.26,99.8,Normal
heart,Drug B,21.4,10.01,95.22,7.387,96.75,1.33,4.57,77.17,83.67,96.41,89.82,Normal
heart,Drug A,24.68,8.47,95.99,7.387,96.07,0.94,1.52,74.01,98.49,112.93,93.77,Normal
liver,Drug A,7.67,26.47,99.17,7.427,99.54,1.23,1.68,64.21,89.35,116.66,84.3,Normal
kidney,Drug B,25.73,13.31,87.88,7.318,89.64,2.16,5.47,76.69,85.27,87.49,87.42,Normal
heart,Drug A,43.54,31.77,99.85,7.418,100.0,0.88,1.66,73.47,92.14,99.62,88.74,Normal
liver,Drug A,50.11,20.2,98.38,7.346,100.0,1.08,1.59,71.29,89.83,107.14,95.59,Normal
liver,Drug B,28.46,27.62,83.39,7.149,76.7,3.15,11.73,91.31,70.74,77.02,82.73,Mild Toxicity
lungs,Drug A,12.01,30.25,96.05,7.407,95.73,0.95,1.68,72.75,90.6,94.16,93.65,Normal
lungs,Drug B,38.37,17.7,83.43,7.234,81.43,3.57,9.87,85.11,72.88,91.37,90.37,Mild Toxicity
kidney,Drug B,14.06,29.32,91.07,7.318,88.54,2.33,6.61,72.65,84.99,95.1,94.68,Normal
liver,Drug A,30.29,25.77,94.01,7.343,97.4,0.75,1.73,59.12,94.09,115.5,95.12,Normal
liver,Drug A,21.85,2.26,98.99,7.417,98.81,1.13,1.07,68.43,96.29,108.01,98.72,Normal
liver,Drug A,16.26,2.76,100.0,7.357,100.0,1.3,2.03,83.31,94.15,108.03,91.68,Normal
kidney,Drug B,12.04,15.61,92.4,7.376,92.02,2.07,3.6,84.18,88.92,101.33,95.14,Normal
liver,Drug B,34.12,16.15,88.04,7.255,86.38,2.74,8.63,76.77,74.17,86.69,83.23,Mild Toxicity
kidney,Drug A,53.46,15.62,97.55,7.416,97.1,1.07,1.67,76.42,90.4,106.25,87.13,Normal
lungs,Drug B,8.45,3.76,96.01,7.344,97.59,1.34,1.95,70.3,82.56,108.69,100.96,Normal
lungs,Drug B,56.23,18.41,79.38,7.132,70.59,4.31,14.2,88.34,59.16,78.42,82.84,Mild Toxicity
heart,Drug C,18.4,30.25,75.34,7.093,70.21,5.14,18.87,93.95,61.69,80.3,77.5,Mild Toxicity
heart,Drug B,23.83,4.14,96.49,7.337,93.18,1.81,2.34,76.76,84.7,102.25,107.63,Normal
lungs,Drug A,34.6,7.65,94.95,7.405,100.0,0.92,1.22,78.03,90.98,103.73,97.51,Normal
liver,Drug B,3.2,17.92,96.52,7.378,95.13,1.28,2.22,71.03,90.73,104.39,90.62,Normal
liver,Drug A,28.45,20.56,95.4,7.332,98.7,0.99,1.06,64.59,91.44,111.95,96.14,Normal
heart,Drug C,14.83,34.5,77.55,7.213,67.58,5.1,17.22,91.15,64.91,78.91,87.58,Mild Toxicity
kidney,Drug B,25.92,3.4,96.13,7.362,96.49,1.32,3.22,67.02,85.52,98.94,87.61,Normal
heart,Drug C,20.67,23.65,81.2,7.162,65.51,4.83,16.44,91.37,63.41,66.95,68.54,Mild Toxicity
lungs,Drug B,6.96,8.61,97.05,7.382,96.83,1.21,2.22,67.78,88.27,120.5,83.1,Normal
liver,Drug C,47.16,7.19,84.13,7.197,80.37,3.51,12.33,83.05,73.49,85.12,78.23,Mild Toxicity
heart,Drug B,49.04,35.41,68.04,7.021,51.4,6.18,23.23,113.17,53.95,48.59,71.05,Severe Toxicity
kidney,Drug B,8.81,3.27,98.01,7.436,99.02,0.98,1.85,71.74,94.01,94.67,84.45,Normal
kidney,Drug B,4.66,15.31,97.75,7.361,92.6,1.52,2.2,69.78,95.94,108.04,88.92,Normal
lungs,Drug B,51.7,23.3,77.45,7.101,62.75,4.74,16.47,95.18,62.98,54.0,77.12,Mild Toxicity
heart,Drug A,45.49,13.51,96.84,7.451,99.73,0.86,1.82,76.51,87.59,104.72,93.63,Normal
heart,Drug B,51.18,8.01,92.59,7.251,86.93,2.26,7.07,82.46,84.93,93.21,94.88,Normal
kidney,Drug A,17.04,6.34,95.26,7.492,97.82,1.26,2.72,74.47,94.55,101.29,90.59,Normal
liver,Drug A,49.19,19.53,99.8,7.358,93.93,1.16,1.79,75.32,93.68,95.07,97.79,Normal
heart,Drug C,54.03,14.68,69.29,6.996,52.42,6.94,26.03,101.79,50.04,50.49,59.8,Severe Toxicity
lungs,Drug C,35.93,33.2,50.41,6.758,28.57,9.78,38.62,47.91,30.49,23.42,33.33,Severe Toxicity
kidney,Drug C,26.47,7.69,88.69,7.291,84.03,2.43,7.77,81.69,82.13,92.54,74.77,Normal
kidney,Drug A,23.84,22.43,97.99,7.413,94.19,1.13,2.0,71.22,91.41,101.04,95.89,Normal
liver,Drug B,53.56,23.76,75.82,7.014,66.41,5.3,17.35,93.28,66.78,61.44,75.45,Severe Toxicity
kidney,Drug B,22.19,14.2,90.0,7.321,91.63,2.1,5.48,77.83,83.05,86.7,85.63,Normal
lungs,Drug B,28.94,26.49,85.61,7.205,79.79,3.32,10.71,81.71,69.32,110.15,74.96,Mild Toxicity
heart,Drug C,53.86,35.29,23.31,6.6,5.0,12.0,60.0,21.91,8.0,8.0,20.0,Severe Toxicity
heart,Drug A,4.65,5.77,95.63,7.425,100.0,0.86,1.25,81.49,91.82,101.09,88.07,Normal
lungs,Drug C,45.02,28.77,48.02,6.72,21.21,10.74,40.93,34.57,22.37,18.08,60.59,Severe Toxicity
liver,Drug A,31.82,10.36,95.78,7.408,99.34,1.22,2.23,79.27,92.39,107.84,96.16,Normal
liver,Drug C,33.04,23.6,66.7,6.969,52.78,6.52,25.43,102.29,52.57,54.19,64.14,Severe Toxicity
heart,Drug A,42.77,24.91,95.82,7.392,94.2,1.06,1.24,70.12,92.28,108.31,89.52,Normal
heart,Drug A,13.54,33.48,97.33,7.432,100.0,0.82,1.07,75.97,93.62,116.24,97.32,Normal
heart,Drug B,58.54,13.06,86.59,7.206,81.39,3.53,10.45,84.84,74.54,81.06,75.05,Mild Toxicity
lungs,Drug A,8.72,27.73,96.08,7.376,97.85,1.09,1.65,72.67,92.1,105.32,103.65,Normal
kidney,Drug A,11.3,5.9,96.35,7.388,94.81,1.02,2.53,71.84,90.16,105.14,96.94,Normal
kidney,Drug A,14.1,16.4,98.03,7.38,99.85,1.13,1.41,71.33,90.27,100.56,92.14,Normal
heart,Drug B,16.84,18.41,97.19,7.337,90.13,2.07,5.71,76.17,82.2,92.95,93.76,Normal
lungs,Drug B,7.71,30.03,93.58,7.399,94.0,1.7,5.03,80.48,90.5,103.34,96.08,Normal
liver,Drug B,30.27,24.4,84.51,7.208,77.67,3.49,11.42,87.67,85.71,89.63,77.32,Mild Toxicity
heart,Drug A,12.53,16.33,96.4,7.458,95.93,1.03,1.82,71.74,92.82,102.52,92.92,Normal
heart,Drug B,21.56,16.76,94.09,7.3,88.12,2.11,6.07,73.86,76.3,92.62,90.3,Normal
heart,Drug C,11.4,34.32,82.4,7.263,75.14,4.26,14.14,85.36,71.72,87.54,84.85,Mild Toxicity
lungs,Drug A,7.78,22.54,100.0,7.398,97.23,0.8,1.06,74.6,91.53,112.34,99.18,Normal
heart,Drug A,3.38,10.06,95.76,7.456,93.68,1.16,1.04,84.27,89.56,108.24,103.36,Normal
heart,Drug C,16.38,8.3,94.51,7.304,92.75,1.99,5.95,72.27,84.55,111.89,86.97,Normal
kidney,Drug C,5.27,20.47,92.49,7.32,91.59,1.65,4.53,73.87,85.32,101.59,92.06,Normal
heart,Drug C,12.18,27.55,82.52,7.17,83.82,3.56,11.82,88.73,69.02,89.24,82.61,Mild Toxicity
lungs,Drug C,55.52,15.95,61.4,6.942,42.28,7.68,29.08,39.8,44.24,62.11,65.8,Severe Toxicity
kidney,Drug C,30.36,3.65,96.08,7.407,94.1,1.83,4.84,84.05,92.24,102.56,90.33,Normal
liver,Drug B,20.96,12.34,93.53,7.346,89.05,1.92,4.61,72.39,93.59,93.4,85.21,Normal
kidney,Drug B,16.84,24.59,90.98,7.324,86.6,2.48,6.86,76.29,83.58,95.81,88.49,Normal
lungs,Drug B,7.94,18.87,94.28,7.336,94.76,1.42,3.01,73.62,83.45,115.83,89.81,Normal
liver,Drug C,35.95,11.5,77.29,7.216,71.91,4.14,14.18,85.81,62.04,84.45,74.41,Mild Toxicity
lungs,Drug C,54.03,23.31,46.87,6.778,24.09,10.62,40.71,41.74,27.19,18.8,49.5,Severe Toxicity
lungs,Drug C,30.57,27.74,57.68,6.983,45.19,7.39,27.42,100.01,46.04,65.87,53.42,Severe Toxicity
liver,Drug B,17.9,23.67,88.1,7.236,84.81,2.3,7.1,73.63,85.45,91.13,86.51,Mild Toxicity
kidney,Drug B,23.97,28.88,87.14,7.256,82.53,3.22,10.11,85.27,78.27,82.9,75.41,Mild Toxicity
liver,Drug B,28.03,28.85,84.75,7.217,79.57,3.75,11.14,81.27,77.34,82.66,83.23,Mild Toxicity
lungs,Drug B,32.44,31.64,77.59,7.155,74.32,4.55,14.27,100.91,68.34,84.44,73.5,Mild Toxicity
heart,Drug A,11.61,29.29,98.51,7.315,100.0,1.09,1.65,68.78,95.53,104.37,91.14,Normal
kidney,Drug B,38.87,18.2,83.9,7.215,76.88,3.32,10.36,88.08,76.82,92.49,95.37,Mild Toxicity
heart,Drug C,42.76,26.34,53.15,6.777,33.11,9.55,36.2,41.81,32.64,31.69,48.29,Severe Toxicity
lungs,Drug C,57.19,12.04,68.73,7.084,57.35,6.13,22.62,100.11,56.66,65.07,82.18,Severe Toxicity
heart,Drug A,33.45,31.23,97.91,7.391,98.04,1.14,1.81,66.74,88.38,115.62,107.57,Normal
heart,Drug B,29.07,10.14,90.18,7.336,89.9,2.29,5.09,74.59,81.43,85.61,86.33,Normal
kidney,Drug A,22.75,12.98,91.65,7.394,94.86,0.99,2.51,70.02,86.89,102.35,94.16,Normal
heart,Drug C,23.56,32.83,66.07,6.955,53.06,6.75,24.5,106.68,49.93,58.01,60.27,Severe Toxicity
heart,Drug B,25.17,28.67,83.77,7.259,80.83,3.17,10.76,84.47,74.98,77.96,84.28,Mild Toxicity
heart,Drug C,24.15,1.61,95.52,7.378,99.01,1.26,1.92,71.65,84.53,110.65,96.1,Normal
liver,Drug C,23.47,10.66,86.7,7.309,87.34,2.89,8.62,75.51,78.54,83.77,82.58,Mild Toxicity
heart,Drug A,13.94,1.97,98.22,7.422,100.0,1.19,2.24,71.49,92.44,112.34,101.78,Normal
liver,Drug B,35.25,25.6,82.42,7.145,76.45,3.72,12.76,92.71,71.01,73.74,86.2,Mild Toxicity
kidney,Drug B,55.73,26.78,74.05,6.987,58.61,5.3,19.72,111.43,57.29,57.31,68.17,Severe Toxicity
lungs,Drug A,15.32,23.84,97.12,7.424,100.0,0.62,1.39,75.85,93.41,121.32,98.39,Normal
liver,Drug C,9.37,15.29,88.98,7.367,88.87,2.02,5.78,80.69,89.37,90.99,89.75,Normal
kidney,Drug B,34.04,19.7,86.97,7.194,79.49,3.28,10.13,88.13,72.09,82.81,84.43,Mild Toxicity
heart,Drug B,27.56,7.6,92.76,7.35,92.11,1.66,4.62,88.56,92.39,99.42,95.05,Normal
heart,Drug C,26.99,24.08,73.5,7.027,62.21,5.75,21.72,103.58,58.95,69.28,68.9,Severe Toxicity
lungs,Drug B,14.28,16.64,92.17,7.364,93.86,2.13,5.18,71.35,94.86,97.81,95.79,Normal
liver,Drug B,49.48,10.35,89.5,7.297,87.67,2.32,8.5,84.09,75.51,96.43,90.33,Mild Toxicity
lungs,Drug B,30.33,14.21,87.37,7.243,87.21,2.28,6.42,78.3,81.55,107.08,86.91,Mild Toxicity
